"","ph:6.5","pH:6.8","pH:7.1"
"ANLN",-1.14774736309515,0.464297256705858,0.683450106389295
"STXBP2",-1.11096899716132,0.28288421334644,0.82808478381488
"CDC42EP3",-1.14255014028383,0.426587880995631,0.715962259288198
"CTGF",-1.15415749697677,0.546413554387671,0.607743942589101
"TPM1",-1.14910852674412,0.476257796889484,0.672850729854641
"POM121C;POM121B",-1.09495704878386,0.864971510123757,0.229985538660099
"FXN",1.15257655578562,-0.636913868941593,-0.515662686844029
"CEP170B",-1.15142473245383,0.500440763877692,0.650983968576138
"THBS1",-1.03846858152091,0.081984643653144,0.956483937867763
"NEDD4",-1.11285588538143,0.28966243933818,0.823193446043252
"SEC23B",-0.903732008986128,-0.170589891093461,1.07432190007959
"MOCS2",-0.987389564356707,-0.0247609884999207,1.01215055285663
"PCOLCE",-1.15408600804959,0.609663772227297,0.544422235822294
"ISG15",-1.10604371154406,0.265792885931959,0.840250825612096
"CLN6",-1.15425777586277,0.604818960976676,0.549438814886091
"TIPRL",-1.08109450767886,0.189226888503248,0.891867619175613
"MT-ATP8",1.15168163341477,-0.503576984527596,-0.648104648887178
"SRA1",-1.13356748138591,0.376340641951347,0.757226839434562
"GGCT",-1.14074082146196,0.725395517367695,0.415345304094262
"C17orf85",-1.06792968972774,0.153643095093338,0.914286594634397
"AACS",-1.15438362918801,0.600618882209022,0.553764746978988
"TMEM231",-0.517614370710908,-0.635092430051759,1.15270680076267
"ADIRF",0.904987975946801,0.168591813300292,-1.07357978924709
"DDHD2",-1.09534530065791,0.231185677066275,0.864159623591636
"CLDN11",0.927121505904686,-1.05965997704743,0.132538471142749
"PIH1D1",-1.15469674636837,0.574785573010123,0.579911173358242
"CROCC",1.154106304147,-0.609130855328558,-0.544975448818438
"PRUNE2",-0.343700389609531,-0.782823849901957,1.12652423951149
"PIP5K1C",-0.938176552243815,-0.113894200128393,1.05207075237221
"UTP14A",-1.11592885027813,0.301007034045321,0.814921816232806
"UEVLD",-1.15311926234275,0.524243523607941,0.628875738734806
"PTX3",0.0988755785461921,-1.04576490170925,0.946889323163059
"NEU1",-1.1052696511224,0.2631797362454,0.842089914877004
"CD2AP",0.942688805151284,-1.0488419025545,0.106153097403218
"PODXL",-1.02884684806007,0.0604348532183459,0.968411994841726
"SMARCC1",-1.14973497663394,0.482227795806609,0.667507180827332
"YIF1B",-1.13042233754867,0.361228316362042,0.769194021186625
"BCAR1",-0.766869956180437,-0.364183141494146,1.13105309767458
"NBR1",-1.15245639089911,0.638543525079115,0.513912865819999
"KPNB1",-1.13194453642998,0.36842183203544,0.763522704394544
"STK10",-1.1513076597994,0.499050929397047,0.652256730402355
"FKBP15",-1.14866783890607,0.47224745170563,0.676420387200441
"CALCOCO2",-1.15087786780416,0.494136412115182,0.65674145568898
"MRPS33",1.12146047130333,-0.322518547277472,-0.798941924025859
"PLEKHO2",1.00261760717652,-0.997361674091721,-0.00525593308479797
"CD46",-0.220514281963498,-0.871338543904647,1.09185282586814
"SESN2",-1.10747022873134,0.270658677064155,0.836811551667183
"NFKBIB",-1.14179961452487,0.421835290347292,0.719964324177578
"ZNF185",-1.0810744318631,0.189170520613251,0.891903911249851
"PUF60",-1.13795080765478,0.738683887759049,0.399266919895726
"UAP1",-1.15357528145447,0.532650892852744,0.620924388601723
"NCAPD2",-1.13327883426597,0.374912233735373,0.758366600530592
"COL1A2",-1.15358687635454,0.532884566329624,0.620702310024916
"TMEM41B",1.11646019429301,-0.30300965141496,-0.813450542878051
"JAK1",0.951281562069716,-1.04247192189574,0.0911903598260263
"LYPLA1",-1.14398692354243,0.707899455284899,0.436087468257533
"CA12",1.1530327716079,-0.522789570351539,-0.630243201256359
"AARS2",0.968159226100846,0.0608981706131487,-1.02905739671399
"FAM180A",-0.988981123647917,-0.0216850408550896,1.01066616450301
"GLTSCR2",-0.758969558145872,-0.37415565731294,1.13312521545881
"KRT19",0.117457786318674,-1.0535418159367,0.936084029618025
"TMEM41A",1.01206571671077,-0.987480922837984,-0.0245847938727828
"B2M",1.1310271665383,-0.364060955055334,-0.766966211482968
"C11orf98",-0.989800394166839,-0.0200962929826569,1.0098966871495
"SNAP29",-1.01728835526181,0.0355233667521775,0.98176498850963
"ALG6",-1.13941739662717,0.407548292549679,0.731869104077496
"ATP5J",0.735995851758852,-1.13853837234886,0.402542520590012
"ASMTL",-1.09112400724657,0.872802436039028,0.21832157120754
"COL1A1",-1.15441704336907,0.555050735597754,0.599366307771312
"OGFR",0.640924657333815,-1.15227461982168,0.511349962487863
"TPBG",-1.1213873336469,0.322223886867522,0.799163446779374
"EPG5",-1.10192435170863,0.252094241251703,0.84983011045693
"ZYX",-0.945619463668855,1.04670246784698,-0.101083004178121
"COL3A1",-1.15204347075563,0.643822038599816,0.508221432155811
"CMBL",1.08931944307269,-0.212940920127905,-0.876378522944786
"SERPINB1",0.692140602687148,0.454370851761327,-1.14651145444848
"S100A6",0.0251181579214167,-1.01232245526881,0.987204297347394
"AAMDC",1.08943125270095,-0.213272329195698,-0.876158923505252
"LTBP2",-1.14744765656424,0.685629621625994,0.461818034938249
"PYGL",-0.706722798253927,-0.437465487632144,1.14418828588607
"CARS",-1.0978500848762,0.239015550242407,0.858834534633792
"MGLL",1.08057185096622,-0.892810188725474,-0.187761662240751
"TMEM181",1.01328359112198,-0.98616475952852,-0.0271188315934631
"CPNE3",1.14598214898539,-0.450338371077208,-0.695643777908179
"NAT10",1.13297359035903,-0.373411336713835,-0.759562253645192
"SOWAHC",1.15097868522137,-0.655714336375505,-0.495264348845864
"UBAC2",-0.915475472556734,-0.151711600713864,1.0671870732706
"ELOVL5",-1.12640487474196,0.343181884653375,0.783222990088586
"PHYH",1.04418671975621,-0.0951793513077885,-0.949007368448421
"TRIM38",0.541076502978535,0.612879635721191,-1.15395613869973
"MGST2",-1.15374469270114,0.536192031111317,0.617552661589822
"CYB561D2",1.15455198875894,-0.561236077310293,-0.593315911448645
"UXS1",-1.13892734633134,0.404741559185814,0.734185787145524
"UBA7",-0.667724190846092,1.14971030662363,-0.481986115777542
"TUBA1C",-1.0882193302205,0.20969373097907,0.878525599241432
"DBN1",-0.961891509422239,-0.0722933826210607,1.0341848920433
"GBP1",1.03325199295143,-0.963048150155863,-0.0702038427955681
"TSPO",1.05512599080487,-0.121321863011784,-0.933804127793082
"AKR1C1",1.09954389683368,-0.244399365820019,-0.855144531013662
"RABEPK",-1.11883554161781,0.312121848663818,0.80671369295399
"PALLD",-0.909792996757714,-0.160901786198134,1.07069478295585
"PREP",-1.14841470031697,0.470006788394622,0.678407911922353
"CD81",0.899689360221389,0.176988065785945,-1.07667742600733
"PKD1",1.06558088026361,-0.147559287818704,-0.918021592444903
"C16orf13",0.891123468166682,0.190381835238606,-1.08150530340529
"HLA-B",0.984082719210387,0.0311086201459461,-1.01519133935633
"C6orf203",-0.948649022140173,-0.0958059780237449,1.04445500016392
"MBOAT7",0.367221750635517,0.764472000487484,-1.131693751123
"ARMT1",-1.04791788217078,0.103957650408772,0.943960231762011
"CARS2",1.15157550333121,-0.502266359570524,-0.649309143760688
"NT5DC3",-1.13384394257168,0.756126715994153,0.377717226577522
"RNH1",-1.14398648527932,0.436084482349182,0.707902002930142
"PCBP2",-1.06305127557975,0.141088076691807,0.921963198887939
"EHHADH",-1.03904507333498,0.0833012606117054,0.955743812723271
"FN3KRP",0.974111221337427,-1.02401975877209,0.0499085374346593
"ALDH5A1",0.942677570240144,0.106172469250441,-1.04885003949058
"FUCA2",-1.15123850385721,0.498240763784542,0.652997740072667
"PDLIM5",1.12677724243263,-0.344802746897014,-0.781974495535619
"ENDOD1",1.12396222109599,-0.332783173904298,-0.791179047191691
"CRYL1",1.14482679248465,-0.441919291367915,-0.702907501116739
"SLC25A4",1.10130132137503,-0.250065315646857,-0.851236005728172
"GSTM3",0.940139304779491,0.11053655297371,-1.0506758577532
"MRPS15",0.507797085956817,0.644214250394631,-1.15201133635145
"LMO7",1.15005426390723,-0.664645168930592,-0.485409094976633
"NT5C",-1.14459198948461,0.704325851993384,0.44026613749123
"KRTCAP2",-1.10233943334396,0.253452014357879,0.848887418986081
"PPIF",0.951314318728902,0.0911327490107984,-1.0424470677397
"SASH1",1.05518641073447,-0.933716621277939,-0.121469789456532
"PICALM",-1.1528696830104,0.632725342450101,0.520144340560297
"IFT27",-1.10285918236587,0.84770010592151,0.255159076444363
"HLA-C",1.15102473579843,-0.495784435622499,-0.655240300175929
"SERPING1",0.94208048927843,0.107201282571245,-1.04928177184968
"CDS2",-1.14864041869765,0.676637809988015,0.47200260870964
"FTL",1.07840290002895,-0.181730627559181,-0.896672272469768
"NUDT4",1.14534326179987,-0.69972126485149,-0.445621996948381
"APBB1IP",-1.09824405829363,0.857982825165111,0.240261233128517
"RHBDD1",-1.15124526850043,0.498319666541804,0.652925601958627
"GPSM1",-1.09602601326099,0.862727533926919,0.233298479334074
"KDELC1",-1.13705170950124,0.394356232140298,0.742695477360947
"HSD11B1",1.13992057384991,-0.410474193533513,-0.729446380316399
"PVR",-0.585250261971387,1.15466434015591,-0.569414078184525
"NQO1",1.14078090386001,-0.415586714761773,-0.725194189098239
"PTER",0.443704470425605,0.701372957897335,-1.14507742832294
"TBL3",-1.14184435091809,0.422114888314436,0.719729462603652
"AHNAK",1.15051674797787,-0.490208920922943,-0.660307827054925
"RBBP9",-1.14561645291642,0.447619540446283,0.697996912470141
"TLDC1",-0.996539295025144,-0.00688584845187941,1.00342514347702
"ALDOA",-1.14609090441069,0.694933635062924,0.451157269347761
"TBC1D8B",-1.04458204300073,0.0961029566976215,0.948479086303113
"PDCD11",-1.1372881767517,0.395636278535944,0.741651898215753
"GPNMB",1.09453653445417,-0.228689656741702,-0.865846877712465
"DYNC1H1",-1.09426840998347,0.22786553257901,0.866402877404462
"HIST1H1B",1.13623320712093,-0.389985824982568,-0.746247382138361
"GPI",-1.15165886603896,0.648364887835652,0.50329397820331
"COX5B",1.08155944381229,-0.891025174589448,-0.190534269222846
"COX7A2",0.71123644594851,-1.14340438588009,0.43216793993158
"TSSC4",-1.12140682455205,0.322302383783989,0.799104440768064
"XRN1",-1.15200664763939,0.644271272712263,0.507735374927123
"PPAPDC2",0.768110727184834,-1.13071755835501,0.362606831170174
"SLC7A6",-0.935666231355427,-0.118167334514817,1.05383356587024
"APOL2",1.11672334605889,-0.812717184617606,-0.304006161441286
"BNIP1",0.874089015137404,0.216389724173172,-1.09047873931058
"PAPSS2",-1.11985728710413,0.316125972545706,0.803731314558423
"L3HYPDH",-1.15327355746756,0.526936917219082,0.626336640248483
"ZNF622",-0.655123810717513,-0.495912195310611,1.15103600602812
"LGALS1",1.15437216013155,-0.553338922270536,-0.601033237861016
"ZC3HAV1L",-1.11475675143831,0.29663321499316,0.818123536445152
"CTNND1",-1.07300276320652,0.167043938027708,0.905958825178811
"HSPB11",-1.13533500877582,0.385292030746278,0.75004297802954
"LBR",-0.749046498044326,-0.386526688778011,1.13557318682234
"EPRS",-0.95772014080828,-0.0797803317488248,1.0375004725571
"CHCHD6",0.213642784310465,0.875913348522054,-1.08955613283252
"TRIOBP",1.06747490958975,-0.152459356751907,-0.915015552837844
"LRRC57",0.995310304379457,-1.00462462710617,0.00931432272671579
"PQLC3",-1.1518156423887,0.505264035469586,0.646551606919116
"RASA2",-0.338901646152697,1.12541068398906,-0.78650903783636
"MGMT",-0.661007384455201,1.15044389021266,-0.489436505757455
"EIF2D",-1.05512274734452,0.121313923185344,0.933808824159174
"PYCR2",1.00118847825468,-0.00238120913158423,-0.998807269123099
"NADSYN1",-1.13916349937889,0.733074536264667,0.406088963114224
"GRHPR",-1.15310370285816,0.62912454244919,0.523979160408972
"SPR",0.936771329454769,0.116289122854275,-1.05306045230904
"EHD4",0.416867533195635,0.724125129572038,-1.14099266276767
"APPL2",1.11265688526351,-0.288941098584258,-0.823715786679254
"TMEM173",1.1112987101663,-0.284058886570275,-0.827239823596023
"SGPL1",-1.13917640200676,0.406162854642444,0.73301354736432
"GSN",1.12417353765081,-0.33366743309778,-0.790506104553028
"ASNSD1",-0.498896145682272,-0.652398353590509,1.15129449927278
"PLCB3",-1.14280023255488,0.42820192720234,0.714598305352538
"SERPINE2",-1.10704555225596,0.26920322188889,0.837842330367074
"NDUFA9",1.14452481729264,-0.439796537755246,-0.704728279537397
"SLC35E1",-1.05328417910348,0.116831976770544,0.936452202332933
"MACF1",-1.00285903468146,0.00574280436738525,0.997116230314079
"CHCHD2;CHCHD2P9",1.14760587909665,-0.463120693017556,-0.684485186079097
"LRRFIP1",-1.07372218136026,0.168974548467424,0.904747632892837
"HK2",-0.926523797565206,-0.133533911699518,1.06005770926472
"HABP4",1.08313421884328,-0.888143505008624,-0.194990713834658
"DDX18",-1.12109990979555,0.321068756904461,0.800031152891086
"COIL",-1.13624880284403,0.390068248687462,0.746180554156569
"EHD1",1.14688600187131,-0.689586765442106,-0.457299236429205
"NDUFAF3",1.02707608715483,-0.970523856700801,-0.0565522304540304
"GSTP1",-1.1509730527436,0.495200949251409,0.655772103492194
"RELB",-0.611324613286939,1.15402052278343,-0.542695909496494
"PDXDC1",-1.0611591632117,0.924858572612077,0.136300590599618
"PLEC",1.14349308075106,-0.432758480795463,-0.7107345999556
"PSME1",0.932308733527045,0.123845903610906,-1.05615463713795
"LARP4B",-1.15332036208898,0.625538671131696,0.527781690957286
"UBA6",-1.15024106433481,0.662922129182737,0.487318935152073
"COX20",0.979411060732402,-1.01938985200152,0.0399787912691221
"NT5DC1",-0.824427078411951,-0.287957864298802,1.11238494271075
"ECM29",-1.10437822242072,0.260193295517495,0.844184926903223
"LAGE3",-0.936701198694759,-0.116408452119847,1.05310965081461
"LGMN",-1.15402471346451,0.611220843031217,0.542803870433293
"PDLIM7",-1.12476345182811,0.336150907779583,0.788612544048524
"PCDHGA5;PCDHGA7;PCDHGA12",-0.520402162769787,-0.632483740788305,1.15288590355809
"IRGQ",-1.14578352724564,0.448855149998465,0.696928377247179
"GSTK1",1.0695928008777,-0.15799614800667,-0.911596652871027
"ISOC2",1.00979415311845,-0.0198848847064386,-0.989909268412012
"GTF2E1",-1.0947627149304,0.865376559470928,0.229386155459473
"RIPK1",-1.14388940620155,0.435424485605703,0.708464920595846
"OAS3",-1.03390466424914,0.962239721271067,0.0716649429780744
"SCYL1",-1.14941358727969,0.479122778069094,0.670290809210594
"FN3K",1.14498050898253,-0.701968922763628,-0.443011586218899
"MTMR6",-1.15235604126513,0.512486061800861,0.639869979464268
"PYCARD",1.05122144469655,-0.111847377357951,-0.939374067338594
"LXN",0.788317904282984,0.336536717299734,-1.12485462158272
"ADAM9",0.978468691948046,0.0417546032124078,-1.02022329516045
"GLRX3",-0.999324712426926,-0.00134920987022565,1.00067392229715
"NBN",-1.1172500501578,0.306010211445987,0.811239838711815
"LARS",-1.15294831216079,0.521404726137994,0.6315435860228
"HMGA1",0.832519434152547,0.276693054632407,-1.10921248878495
"UMPS",-0.931721577290607,-0.124834713968631,1.05655629125924
"TCP11L1",-1.14377490737863,0.434649627496073,0.709125279882561
"RGS20",1.14071667331132,-0.725516653938906,-0.415200019372413
"FHL1",1.13889619028299,-0.404564497354521,-0.734331692928465
"GALM",1.11855739786826,-0.31104088804376,-0.807516509824499
"HEATR1",-1.00763361203709,0.0154461702102357,0.992187441826856
"CD9",1.14787807625202,-0.682483690435395,-0.465394385816628
"NCSTN",-0.863166316011699,-0.232651689903453,1.09581800591515
"ASCC3",-1.1543866446647,0.553877963342477,0.600508681322226
"DPYSL3",-1.10142445389816,0.850959007558552,0.25046544633961
"ACOX1",-1.14119154068251,0.418078884043332,0.723112656639176
"CTBS",-1.06601143592303,0.917342437337883,0.148668998585148
"RBM7",-1.11394782030744,0.293648654577612,0.820299165729831
"PDIA3",1.14363288302378,-0.433693772662642,-0.709939110361138
"LACTB2",1.14453946044906,-0.704640677211522,-0.439898783237536
"NDUFB11",-0.141364025290383,-0.921795775149213,1.0631598004396
"TOR1B",-0.931946285912982,-0.124456438051904,1.05640272396489
"MRPL27",1.1006345929063,-0.247905954613109,-0.852728638293188
"MYO1C",1.0922809071099,-0.221807576756462,-0.870473330353437
"SYNC",-1.15360542532124,0.533260870691639,0.6203445546296
"ANXA5",1.12454159967518,-0.335214324594129,-0.789327275081054
"PEX19",0.451783343282517,-1.14617361650889,0.694390273226375
"PLGRKT",0.851902565412846,0.249101688757491,-1.10100425417034
"CD68",0.897980288908552,0.179677932155938,-1.07765822106449
"RPP40",-1.12175886362129,0.323723810086625,0.798035053534664
"ECM1",-1.00845007367111,0.991330093968562,0.0171199797025471
"CRKL",-1.13622032578937,0.389917771229599,0.746302554559771
"ANXA1",1.15189019357584,-0.6456712501155,-0.50621894346034
"ZC3H7A",-1.02945532928851,0.061774804238655,0.967680525049855
"MT-ATP6",1.14948707059875,-0.479824591485604,-0.669662479113149
"FDXR",1.13178213212225,-0.367643987755747,-0.764138144366499
"DDAH1",0.868210087891608,0.225181261434821,-1.09339134932643
"RECQL",0.906978475371384,0.165415063405964,-1.07239353877735
"TYMP",-1.07769916575584,0.89790860462347,0.179790561132372
"NDUFB4",1.12041793865095,-0.318345925307036,-0.802072013343915
"ECI1",1.09036373170374,-0.216046332311625,-0.874317399392115
"TCIRG1",1.04745848566102,-0.944589125229088,-0.102869360431929
"ZFP91",-1.00531038879221,0.994603633401493,0.0107067553907217
"DNTTIP2",-1.0806826307796,0.188071832396371,0.892610798383231
"NT5E",1.0441485170017,-0.0950901770266641,-0.94905833997504
"ATP6AP1",-0.819496752426492,-0.294750597932085,1.11424735035858
"PHLDB2",-1.15297421707588,0.521825960830498,0.631148256245383
"TBRG4",1.11318007305869,-0.822339154512422,-0.290840918546271
"TPD52L2",1.12715918227096,-0.346475622109836,-0.780683560161128
"UBAP2L",-1.15435403130329,0.601673501325861,0.552680529977426
"MPRIP",1.06561531614321,-0.147647952883275,-0.917967363259932
"TUBAL3",-1.11093566110815,0.282765671305826,0.828169989802319
"KIAA1033",-0.578278431549856,-0.576421609183769,1.15470004073362
"ERI1",-1.13256958536962,0.371439724177114,0.761129861192504
"PES1",-0.713937660510609,-0.428982671224576,1.14292033173519
"TAPBP",1.01780461598817,-0.0366149772780366,-0.981189638710129
"AKR7A2",0.00710891816260813,0.996426589470076,-1.00353550763268
"PLXND1",-1.15103893667668,0.495945448139139,0.655093488537541
"ALDH7A1",1.11368203238786,-0.29267393260413,-0.821008099783726
"NIFK",-1.07086594013508,0.161354631087636,0.909511309047441
"SQLE",-1.15405887411792,0.543696475860566,0.610362398257357
"COG1",-1.12719569913811,0.346636120493581,0.780559578644524
"ATP6V0C",-1.05569420749232,0.122714649849459,0.932979557642866
"RNF213",-1.14556365375994,0.447231293674659,0.698332360085278
"STBD1",-0.793988900415557,-0.329081454579504,1.12307035499506
"FADD",-0.702536303490479,-0.442351440193146,1.14488774368363
"CYP1B1",-0.432196182992783,-0.711212452256268,1.14340863524905
"HSD17B4",1.15380491530704,-0.53752399831359,-0.61628091699345
"CHMP4A",-1.13292508610176,0.759751347592149,0.373173738509608
"GLRX5",1.11114552462328,-0.827632897818924,-0.283512626804357
"MPG",-1.15395298641384,0.54099901608683,0.612953970327014
"GSTM2",1.02835581134288,-0.0593556942986949,-0.969000117044186
"SGPP1",-0.98639975154429,-0.0266670760674785,1.01306682761177
"PRDX2",1.10268878043597,-0.254598556000432,-0.84809022443554
"RTCA",-0.810686303191621,-0.306759922658983,1.1174462258506
"SYPL1",-1.15352716174262,0.531693465034787,0.62183369670783
"DYNLT3",0.850380371613701,-1.10168107094915,0.251300699335446
"GLA",-1.05308167347468,0.116340590828306,0.936741082646371
"DDT",-0.968393241231642,-0.0604692381936482,1.02886247942529
"ARMC10",1.08914145094994,-0.212413872667449,-0.87672757828249
"OXR1",0.578697384073158,0.576002105761726,-1.15469948983488
"MICALL2",0.0756988757181677,0.959999378425855,-1.03569825414402
"PYROXD1",-1.08286120045162,0.194214938975681,0.888646261475935
"GAPDH",-1.03239496865228,0.0682907177707737,0.964104250881511
"ATG4B",-1.15441102821776,0.554813920889137,0.599597107328619
"TRPM4",-1.01930889120848,0.0398065572110867,0.979502333997393
"SH2D4A",0.905219049144751,0.168223669449258,-1.07344271859401
"CYB5B",-0.438180108116679,1.14429200208814,-0.706111893971463
"OCC1",-0.964314384451722,1.03222384814551,-0.0679094636937831
"UAP1L1",-1.12125190675213,0.799572853760917,0.321679052991217
"SRR",-0.530596579498611,1.15347082499698,-0.622874245498369
"TOMM34",-0.664549296680486,-0.485515467894419,1.15006476457491
"AARS",-1.15180898783919,0.505179380631222,0.646629607207964
"GSTZ1",-1.04621788569218,0.0999410072184796,0.946276878473703
"LDHB",0.989149840621812,-1.01050800182282,0.0213581612010108
"GPRC5A",0.501034624884968,0.650439528088618,-1.15147415297359
"LCMT1",-0.907713433367265,1.07195237446118,-0.164238941093915
"CFAP36",-1.02826109776259,0.969113335501908,0.0591477622606798
"AOX1",3.89666666666667e-13,-4.92333333333333e-13,1.02666666666667e-13
"ITGBL1",-2.46666666666667e-13,6.46333333333333e-13,-3.99666666666667e-13
"GOLGA2",-4.44666666666667e-13,4.70333333333333e-13,-2.56666666666667e-14
"BLMH",1.06766666666667e-13,-1.44533333333333e-13,3.77666666666667e-14
"MAP1A",1.01666666666667e-13,-5.39333333333333e-13,4.37666666666667e-13
"OTULIN",-7.73333333333333e-14,-5.83333333333333e-14,1.35666666666667e-13
"CACYBP",-3.5e-14,7.4e-14,-3.9e-14
"BCL2L13",1.24666666666667e-14,4.31666666666667e-14,-5.56333333333333e-14
"NDUFAF1",-3.58e-15,-3.04e-15,6.62e-15
"EXOSC9",-9.88666666666667e-15,-9.06666666666667e-16,1.07933333333333e-14
"POP4",-3.99264333333333e-15,-5.45471333333333e-15,9.44735666666667e-15
"THG1L",-2.16666666666667e-16,1.88333333333333e-16,2.83333333333333e-17
"GSTT1",-2.07e-16,2.86e-16,-7.9e-17
"MIOS",-8.46666666666667e-16,1.88333333333333e-16,6.58333333333333e-16
"MRPL50",2.83666666666667e-17,-2.96333333333333e-17,1.26666666666667e-18
"DCTN2",-9.8e-18,2.3e-18,7.5e-18
"HIST1H1A",-3.91333333333333e-17,-3.49333333333333e-17,7.40666666666667e-17
"PSMB10",-6.64533333333333e-17,-2.96733333333333e-17,9.61266666666667e-17
"IFI35",-7.88666666666667e-18,4.49333333333333e-18,3.39333333333333e-18
"FKBP4",-2.07e-19,4.5e-20,1.62e-19
"TRAPPC12",-4.9e-21,-1.33e-20,1.82e-20
"VPS11",-8.94333333333333e-23,-1.07333333333333e-22,1.96766666666667e-22
"PRRC2A",6.30666666666667e-20,-2.40333333333333e-20,-3.90333333333333e-20
"MRPL47",4.66666666666666e-19,1.26666666666667e-19,-5.93333333333333e-19
"MYH10",5e-18,2.5e-18,-7.5e-18
"APIP",1.53333333333333e-17,1.03333333333333e-18,-1.63666666666667e-17
"NOLC1",2.90666666666667e-17,2.06666666666666e-18,-3.11333333333333e-17
"PCMT1",4.52333333333333e-17,4.83333333333333e-18,-5.00666666666667e-17
"C1R",-1.60733333333333e-16,1.02366666666667e-16,5.83666666666667e-17
"MVD",2.59e-15,-7.6e-16,-1.83e-15
"HNMT",-0.943420727792809,-0.1048900157238,1.04831074351661
"CCDC109B",2.44e-14,1.89e-14,-4.33e-14
"TUBB8",-1.51413333333333e-13,3.36266666666667e-14,1.17786666666667e-13
"MRPL24",0.97317467676808,-1.02482361212728,0.0516489353591998
"SPNS1",2.35333333333333e-13,-2.56666666666667e-13,2.13333333333333e-14
"CD99L2",-0.598562658569945,-0.555874830620491,1.15443748919044
"MRPL1",-0.461043602728227,-0.686309206667101,1.14735280939533
"GUK1",1.13867645754598,-0.403320326807885,-0.735356130738099
"RPS4Y1",-1.01268118861041,0.0258641560941755,0.986817032516234
"BPHL",1.15470053837925,-0.577350269189626,-0.577350269189626
"SH3PXD2A",0.382734991392296,0.75210240036464,-1.13483739175694
"RRP8",1.14101995282029,-0.723986686205085,-0.41703326661521
"COX7A1",0.957629610086621,-1.03757159239717,0.0799419823105527
"NCLN",1.14895260696655,-0.67413035612833,-0.474822250838215
"PTRH1",-0.639224726994252,-0.513180414629188,1.15240514162344
"LYRM7",1.03755076931253,-0.0798946482092893,-0.957656121103237
"IFI16",1.13246054028459,-0.761550119424828,-0.370910420859761
"PDDC1",1.01639107235259,-0.033630586952843,-0.98276048539975
"GNL3",0.987661145490625,-1.01189822881555,0.0242370833249233
"NUDT19",0.515071540508272,0.637464777856772,-1.15253631836504
"TMEM192",0.36036531564383,-1.13023667179201,0.769871356148182
"DDX51",-0.780398972571708,1.12724296038136,-0.346843987809648
"RAB6C",1.11959068488178,-0.804514617824882,-0.315076067056893
"PDLIM3",0.280449888546859,0.82983221641894,-1.1102821049658
"ELOVL1",0.711932998482446,-1.14328063873946,0.431347640257011
"DNASE2",-1.05882216761844,0.130447785973641,0.928374381644799
"MYO5A",-0.972915083351862,-0.0521305945096229,1.02504567786149
"TIMP1",0.862626939899918,0.233446691250438,-1.09607363115036
"SLC17A5",1.11508030192297,-0.297834663538637,-0.81724563838433
"NLN",-1.11592629405248,0.814928863964756,0.300997430087723
"IGBP1",-0.959024926796947,1.03647152144187,-0.0774465946449191
"MLLT4",-1.10734104868991,0.837125726122495,0.270215322567416
"LUM",0.715648313489601,0.426959646955057,-1.14260796044466
"SLC25A1",1.10315368160315,-0.256129779428371,-0.847023902174779
"SAMD9",-1.15165475559501,0.648411762733622,0.503242992861384
"NUDT5",-1.04179887873985,0.952166551717121,0.0896323270227332
"ALMS1",0.0070388965325192,-1.0035008683195,0.996461971786985
"CRYZ",1.00119075276906,-0.00238577448259149,-0.998804978286471
"GHDC",-1.03751814236163,0.957697652536855,0.0798204898247756
"CCAR2",0.999191884703508,-1.00080616087986,0.00161427617634897
"ACBD5",1.1409145857619,-0.416394218145921,-0.72452036761598
"BST1",1.02725688145746,-0.056947507665257,-0.970309373792201
"IAH1",0.963913760621827,0.0686361604759405,-1.03254992109777
"TMEM14C",1.14245759440811,-0.425994559730852,-0.716463034677259
"ARF4",1.13943476923089,-0.407648556641632,-0.731786212589261
"GRN",-1.08156819685697,0.190558918493249,0.891009278363723
"MIF",-1.15170557860785,0.503875743291514,0.647829835316334
"COMT",-0.401558714609604,1.13836292640188,-0.736804211792275
"PYCRL",-1.05299801304383,0.116137716444118,0.93686029659971
"SLFN5",-1.14399841051375,0.436165750038692,0.707832660475058
"HMBS",1.15406398342814,-0.610232016043585,-0.543831967384555
"SELENBP1",0.907986294017812,0.163801857346787,-1.0717881513646
"CHAMP1",-1.14676018893965,0.456308313936166,0.690451875003486
"NDUFA11",1.13390942218704,-0.755864919146433,-0.378044503040604
"CAPG",-1.0659269730462,0.917475860965619,0.148451112080582
"DTX3L",-1.0808788513849,0.188621743544956,0.892257107839949
"RFT1",-0.972480156791392,1.02541700528078,-0.0529368484893867
"ERCC6",-1.1354940862532,0.38611586446223,0.74937822179097
"RTN4IP1",0.578103406389012,0.576596804365615,-1.15470021075463
"NDUFS5",1.03809058919878,-0.0811229881765591,-0.956967601022224
"FN1",-1.14468676462553,0.440931213285881,0.70375555133965
"TFAM",1.1486592654158,-0.472170839739143,-0.676488425676653
"NDUFB3",1.14832884699109,-0.469256633622325,-0.679072213368766
"ENO1",1.08758603757012,-0.207835494443223,-0.879750543126897
"PPFIBP1",1.10221164233485,-0.253033478226749,-0.849178164108096
"NAGLU",-1.13931893683882,0.406981042928067,0.732337893910755
"NUP98",1.04259702850543,-0.95111658869088,-0.091480439814554
"SFXN1",1.07775423195841,-0.179942077815182,-0.897812154143225
"ATAD3A",1.14091011199779,-0.416367135460347,-0.724542976537442
"DIS3",-0.95584387906153,1.03896726670626,-0.0831233876447276
"HINT3",1.14696661196066,-0.689028506164567,-0.457938105796092
"DARS2",1.05744318940369,-0.127024661818596,-0.930418527585096
"MTHFD1L",1.13212559079894,-0.762833563029269,-0.369292027769666
"C17orf62",0.344753164239152,0.782012720948265,-1.12676588518742
"KRT1",1.03531508532821,-0.0748347727336455,-0.960480312594563
"OSMR",1.09699563919226,-0.236327312188924,-0.860668327003337
"MRPS18B",0.801606555299816,0.318967656658551,-1.12057421195837
"PLA2G15",0.746995504818483,0.389062597225944,-1.13605810204443
"CAST",1.09514982659962,-0.230580996995222,-0.864568829604396
"C8orf82",1.14026778097799,-0.727747470956037,-0.412520310021958
"MRPL18",1.11024003912982,-0.280301367296245,-0.829938671833573
"SNX9",1.02787282868197,-0.0582961109842801,-0.969576717697692
"PROCR",1.00726056120865,-0.0146828178077337,-0.992577743400918
"CST3",1.13733730936727,-0.741434054983915,-0.395903254383354
"GM2A",0.971254260643906,-1.02645877777409,0.055204517130186
"EPS8L2",-1.08324625360482,0.195309445960393,0.887936807644425
"ME2",1.04238827378344,-0.090996490444081,-0.951391783339357
"GGH",-0.633392733626016,-0.519431753598166,1.15282448722418
"SACS",-0.922996282742996,-0.139383208423916,1.06237949116691
"RRP7A",1.10170303020116,-0.25137225883366,-0.850330771367499
"FGF2",0.429282755356369,0.713683585341357,-1.14296634069773
"MRGPRF",1.04130762584771,-0.0884977979668154,-0.952809827880897
"TPRG1L",0.157599500226004,-1.06944186417155,0.911842363945544
"APCDD1L",-0.942566097625202,1.04893074741937,-0.106364649794169
"EEA1",1.12221102675991,-0.325559745929423,-0.796651280830483
"PHAX",-0.510068029446905,-0.642113104762596,1.1521811342095
"OTUD4",1.09045237488179,-0.216310980151831,-0.874141394729954
"SPPL2A",-1.08743439351866,0.207391714756351,0.880042678762305
"NMI",0.433655215525743,0.70997192047152,-1.14362713599726
"NTMT1",-0.985054736539049,-0.0292488045445353,1.01430354108359
"PAM",0.763561359345738,0.368372996506597,-1.13193435585233
"HSD17B10",0.883079917186866,0.20276384777118,-1.08584376495805
"HNRNPM",1.1278268136732,-0.349425624504338,-0.778401189168865
"NADK2",1.08313327648349,-0.19498803383777,-0.888145242645719
"C9orf89",1.0821893017516,-0.192311428256373,-0.889877873495225
"PPIA",1.15206927923322,-0.50856403946148,-0.643505239771737
"ECI2",1.08948701446582,-0.213437705921252,-0.876049308544571
"NDUFA5",1.03633269098091,-0.0771324293307229,-0.959200261650192
"CAT",1.10577162613357,-0.264872214206525,-0.840899411927045
"LHFPL2",1.15032333576688,-0.662151135019475,-0.48817220074741
"TMBIM1",1.05457624154724,-0.934598460776266,-0.119977780770976
"TERT",-1.1184673215561,0.807775685309802,0.310691636246298
"LIMS3L;LIMS3",0.925659174504727,0.134971650193178,-1.0606308246979
"PALM",0.902901666158835,0.171908161349715,-1.07480982750855
"NUP88",-0.0996312678941304,-0.946455015948512,1.04608628384264
"HDHD1",-1.05309203634511,0.116365725813345,0.936726310531762
"MCEE",0.929198053972159,0.129070268472902,-1.05826832244506
"QTRT1",-0.892416358745267,-0.188374188789986,1.08079054753525
"FUBP1",1.08662444750184,-0.205029084105303,-0.881595363396534
"COX7A2L",0.318590209305624,0.801889169511591,-1.12047937881721
"SIAE",1.08710986369764,-0.880666349911857,-0.206443513785785
"CD55",0.999029319525157,0.00193854248746784,-1.00096786201262
"RABAC1",0.757155436258051,0.376430052697646,-1.1335854889557
"GORAB",-0.992015286142126,-0.0157826011162096,1.00779788725834
"NQO2",1.1420498520699,-0.423405138945453,-0.718644713124442
"MRPL21",1.13932247408224,-0.732321081619729,-0.407001392462515
"MAD1L1",-0.955739450062221,-0.0833090144949627,1.03904846455718
"MT-CO2",1.14645957368632,-0.453970261323276,-0.692489312363048
"CD97",0.7399456449548,-1.13767089586584,0.397725250911037
"ARPC1B",1.14623524470463,-0.693983551578428,-0.452251693126199
"EIF2AK2",1.15469182202792,-0.573460411510712,-0.581231410517203
"MRPL23",0.843125531924353,-1.1048302853592,0.261704753434844
"SLC25A24",1.12543049187523,-0.338986267108069,-0.786444224767159
"LACTB",1.13259243845308,-0.371550805238974,-0.761041633214101
"MECR",1.15112485112359,-0.654198821996672,-0.496926029126922
"GAA",0.833579302248456,0.275206851863491,-1.10878615411195
"KRT16",1.13069700490102,-0.768186399133793,-0.362510605767226
"HBA1",1.08446159652816,-0.198781698335575,-0.885679898192583
"ITGB5",1.06367603635714,-0.142678709848838,-0.920997326508301
"ALDH16A1",-1.14972882861001,0.482167513076908,0.667561315533101
"OCIAD2",-1.1513696145236,0.651586112018932,0.499783502504667
"NDUFB5",1.12366967834119,-0.331563606745765,-0.792106071595428
"NCOA5",-0.874775084118768,-0.215357748351625,1.09013283247039
"QIL1",1.08026698479043,-0.893357827880247,-0.186909156910185
"MFAP5",-1.10699230660091,0.269021154671745,0.837971151929162
"SAMM50",1.15279797473206,-0.633780361436743,-0.519017613295318
"GGT5",1.04428151532349,-0.0954006874020396,-0.948880827921449
"METTL7A",1.12223015925728,-0.325637687422868,-0.796592471834414
"FANCM",1.12073786995225,-0.801117704736561,-0.319620165215694
"TEX10",-1.04927117234992,0.107176001117234,0.942095171232686
"ACOT13",1.1153231081357,-0.298739223350908,-0.816583884784791
"TMEM70",1.15211181923663,-0.642979500238067,-0.509132318998567
"FCGRT",1.00548931262037,-0.0110705450793133,-0.994418767541054
"CHTF8",0.954913331564219,0.0847758456406051,-1.03968917720482
"NIT2",-0.0605167479929555,1.02888407585342,-0.968367327860463
"SCPEP1",1.14363606524978,-0.43371512644617,-0.709920938803606
"SP1",0.332806008217706,0.791161678129714,-1.12396768634742
"NUP50",1.03322241772909,-0.070137719588254,-0.963084698140833
"CRAT",1.11110998292148,-0.283386010147351,-0.82772397277413
"ETFA",1.08703288804012,-0.206218911803519,-0.880813976236601
"HRNR",0.22766516831947,-1.09420314081194,0.866537972492468
"SEC61B",1.12921926383352,-0.355688855926301,-0.773530407907222
"MAVS",1.14019383817561,-0.412082652200984,-0.728111185974626
"PLOD2",-1.14555237360204,0.698403888766171,0.447148484835871
"UBE2L6",-0.431709426246659,-0.711625868057395,1.14333529430405
"SNRNP40",-1.1441606998193,0.437275974083938,0.706884725735361
"TKT",1.06241628902542,-0.139476448564968,-0.92293984046045
"ANXA13",0.953460012943033,0.0873493343919859,-1.04080934733502
"MRPS26",1.10589848010608,-0.265301167272616,-0.840597312833466
"TPR",1.14439085132921,-0.438864316970871,-0.705526534358341
"RCN2",1.14823523837185,-0.679791069119461,-0.468444169252388
"UTRN",1.12329224294657,-0.329997890955421,-0.793294351991144
"NES",-0.421165336099057,-0.720526788325728,1.14169212442479
"TPP1",0.939726506362397,0.111243939968175,-1.05097044633057
"SYNJ2",0.676779488919106,0.471843026127885,-1.14862251504699
"PRNP",-1.13986344133264,0.410139664120978,0.729723777211658
"TMEM126A",1.13186472242723,-0.368039239570768,-0.76382548285646
"APOOL",1.10820763344319,-0.273200130587562,-0.835007502855626
"ESYT2",1.0521676298518,-0.114128163163439,-0.938039466688361
"LRRN4CL",1.02400592131422,-0.974127299807366,-0.0498786215068542
"ICT1",1.08459830827116,-0.19917398415893,-0.885424324112229
"GIPC2",-0.946586870016913,-0.0994019230430023,1.04598879305991
"RDH13",1.02656981218302,-0.0554467081046215,-0.971123104078402
"NOC4L",-1.1482143752633,0.468263853741247,0.679950521522052
"PPP2R2D",-1.05737397853381,0.126853438975646,0.930520539558168
"LTN1",-1.1392512723659,0.40659219234547,0.73265908002043
"HIST2H3PS2",1.14073373140458,-0.415302635375499,-0.72543109602908
"MTIF3",0.998554223464401,-1.00143953276852,0.00288530930411696
"EHBP1",-1.1064720183707,0.267246928236447,0.839225090134255
"MRPL51",0.413324742697472,0.727078488207892,-1.14040323090536
"C2CD2",1.12676189788968,-0.344735758972515,-0.782026138917166
"KRR1",1.14665000566202,-0.455446576533159,-0.691203429128866
"IRF2BP2",0.896220379390812,0.182438598007371,-1.07865897739818
"CYB5R2",-1.07887140777069,0.895844688229406,0.183026719541286
"EIF1AY",-0.842934742628234,-0.261976675227152,1.10491141785539
"SIRT6",-1.13071514539569,0.362595532415136,0.768119612980552
"TXNDC9",-0.96185533772844,-0.0723586331191936,1.03421397084763
"BLOC1S4",-1.15469185985272,0.573468870163543,0.581222989689174
"LYRM4",1.11473856824521,-0.296565826802792,-0.818172741442417
"JUNB",0.489733981479003,0.660738039358357,-1.15047202083736
"SPCS1",1.04256282501595,-0.951161706218995,-0.0914011187969537
"CLU",1.09085199837593,-0.217506133627127,-0.873345864748799
"LMNB2",1.11994045371368,-0.316454241546436,-0.803486212167245
"FYTTD1",1.15468687562975,-0.572478827212847,-0.5822080484169
"FAP",-0.130346356504378,1.05878143632452,-0.928435079820139
"AGA",-1.03721337391722,0.0791282315988011,0.958085142318419
"TLN2",1.15452724906051,-0.559939555072326,-0.594587693988181
"RBMXL1",1.07814952466323,-0.181031186978913,-0.897118337684313
"PALM2",0.933051916838307,0.122592527424969,-1.05564444426328
"BTN2A1",-1.136908748274,0.393586213588731,0.743322534685269
"ACSF3",1.05904849405557,-0.131011743548944,-0.928036750506625
"MLKL",1.04788857887445,-0.944000410328659,-0.103888168545796
"TREX1",1.11503065604528,-0.297650022413339,-0.817380633631946
"TNFAIP2",1.15189961976618,-0.50634054694423,-0.645559072821953
"CD2BP2",1.13996845695395,-0.729213427628782,-0.410755029325166
"TNS3",-0.132990259472116,1.05984058483421,-0.926850325362094
"DPP4",1.06965482234091,-0.158159227244431,-0.911495595096478
"NDUFC2",1.11921903289433,-0.313618526154193,-0.805600506740133
"TFRC",-1.035254907405,0.0746991778830387,0.96055572952196
"SUCLA2",1.15341375012241,-0.529510044961872,-0.623903705160534
"PTGS2",1.06106766651531,-0.136070203366615,-0.924997463148695
"MGST3",1.10423098526596,-0.259702345897176,-0.844528639368779
"DPP7",1.11929561769333,-0.313918302764525,-0.805377314928809
"LMNB1",1.15149449995608,-0.501280395417266,-0.650214104538813
"UQCRFS1",1.14722924435111,-0.460041757110046,-0.687187487241062
"MBOAT2",-1.12992536354592,0.358925052657014,0.771000310888904
"HLCS",0.437556320639429,-1.14420149571891,0.706645175079476
"PRSS3",1.15459620262857,-0.590740818925169,-0.5638553837034
"CYBRD1",1.11223566827146,-0.287419371787038,-0.824816296484423
"RAVER1",-1.15383276794884,0.538154834655086,0.615677933293756
"SNX7",-0.0870653798559598,1.04068599545472,-0.95362061559876
"TXNRD2",0.986141362169196,0.0271637952472877,-1.01330515741648
"FBXL18",-0.502728813555181,-0.648884339412066,1.15161315296725
"CD59",1.13909010055687,-0.405669160929203,-0.733420939627669
"EPM2AIP1",-0.0207245197917782,-0.989476662485886,1.01020118227766
"NPC2",0.492842690613066,-1.15076064099812,0.657917950385053
"CD82",1.11822628176981,-0.309759001016642,-0.808467280753172
"PID1",-0.0950252941341354,1.04412071702538,-0.949095422891249
"NUDT16",-0.811699627683108,-0.305386986256927,1.11708661394004
"FLG2",0.386252303140421,-1.13552037308212,0.7492680699417
"NDUFA1",0.848456294358127,0.254072256346584,-1.10252855070471
"RRS1",-0.838860102697027,-0.267763732148798,1.10662383484583
"C19orf66",0.178255958419157,0.898884475148184,-1.07714043356734
"IQGAP3",-1.07083930371731,0.161284129339506,0.9095551743778
"ATAD3B",1.15326969592914,-0.52686782737223,-0.626401868556906
"COL6A1",-1.10704625378423,0.837840632485294,0.269205621298935
"ATOX1",1.15313126829566,-0.628682891933792,-0.524448376361871
"NUMA1",1.09855391861262,-0.24124373719278,-0.857310181419839
"KRT5",1.04849327275828,-0.105323740447836,-0.943169532310445
"PIR",1.15224705107081,-0.510969477510969,-0.641277573559839
"COL6A2",0.884814632461162,0.200109064601039,-1.0849236970622
"NDUFB10",1.04180758988704,-0.089652465391579,-0.952155124495462
"MICU2",1.13938102963329,-0.407338576165332,-0.732042453467957
"PPL",1.0508524898117,-0.110960584696925,-0.939891905114772
"CTNNA2",0.565444106703856,-1.15461925007033,0.589175143366474
"CD99",1.14611287210132,-0.694789600401025,-0.451323271700291
"IRS2",1.15386745860706,-0.538954577446648,-0.614912881160409
"ASPSCR1",1.15319410338087,-0.525533170661902,-0.627660932718967
"ZC3H18",1.0794337150987,-0.184587105161349,-0.894846609937352
"PHIP",1.0847796702975,-0.199694926838259,-0.885084743459241
"SPTBN2",-1.05079756566984,0.110828695893327,0.93996886977651
"PVRL2",-1.03814271054368,0.0812417258396167,0.956900984704067
"CD109",1.103124340086,-0.256032953666059,-0.847091386419942
"PRSS1",1.08713763566732,-0.206524576172776,-0.880613059494539
"TOR1AIP1",1.15207634449124,-0.508658113268334,-0.643418231222902
"METTL15",0.78842864668594,0.336391727695297,-1.12482037438124
"KRT2",1.12916870134052,-0.355458711556534,-0.773709989783985
"TPCN1",1.13835201381029,-0.40149768543648,-0.736854328373807
"C19orf43",0.873876935652788,-1.0905854107555,0.216708475102715
"TMCO3",1.10477315615175,-0.843259755053195,-0.261513401098552
"RB1",-0.984978588698624,-0.0293946820802686,1.01437327077889
"ARL6IP6",0.843884959626568,0.260621532706458,-1.10450649233303
"NPR3",1.13994114254649,-0.729346365066865,-0.410594777479628
"COL6A3",0.978652252367894,0.0414090494935605,-1.02006130186146
"TGFBI",-1.00326214064277,0.996705618106526,0.0065565225362473
"ICAM1",1.00340780607867,-0.00685081269302066,-0.996556993385647
"SIRPA",1.15435211983943,-0.601740008435117,-0.552612111404309
"PLAUR",1.13889251746974,-0.404543635230651,-0.734348882239091
"VASN",0.858179231883532,-1.09815336811554,0.239974136232004
"PLAU",-0.359519677451791,1.13005410954085,-0.770534432089055
"SMYD3",-1.15469564599549,0.57443683703282,0.580258808962673
