Protein,Gene.names,logFC_6.5SS,pval_6.5SS,adjPval_6.5SS,logFC_6.8SS,pval_6.8SS,adjPval_6.8SS,logFC_7.1SS,pval_7.1SS,adjPval_7.1SS
A0AVT1,UBA6,0.047172132,0.588639549,1,0.226597753,0.156154771,0.551938753,0.209220546,0.188508778,0.477182287
A0FGR8,ESYT2,-0.122971567,0.207911457,1,-0.386932946,0.033218619,0.205727089,-0.573404307,0.003127186,0.029578603
A2RRP1,NBAS,0,1,1,0,1,1,0,1,1
A6NHL2,TUBAL3,0.013295115,0.851658068,1,0.033504718,0.801193511,1,0.041413446,0.743654857,1
A6NJ78,METTL15,-0.405813256,0.059527877,0.888058828,-0.46257407,0.113978367,0.462547131,-0.646053748,0.054244912,0.211197194
A8CG34;A6NF01,POM121C;POM121B,0.564118116,0.023694265,0.626672467,1.268266696,0.007087335,0.079940969,1.040133651,0.017323664,0.092438843
A8CG34;Q96HA1,POM121C;POM121,0,1,1,0,1,1,0,1,1
A8MXV4,NUDT19,-8.04772E-10,0.999935812,1,-7.64654E-10,0.999965727,1,-1.35327E-09,0.999939345,1
C9JA33;Q8IXS6,PALM2,-0.166665871,0.268141556,1,-0.385884545,0.174937643,0.582433559,-0.704582249,0.019803336,0.100590456
E9PRG8,C11orf98,0.22479425,0.064977844,0.888058828,0.580420742,0.009753844,0.098436824,0.958157404,0.000213078,0.005271967
L0R819,ASNSD1,0.055436526,0.588597806,1,0.04226374,0.816798582,1,0.197047572,0.288311019,0.624673874
O00115,DNASE2,-0.000310057,0.997175789,1,0.148653032,0.351444167,0.830851707,0.248598053,0.128386226,0.377288258
O00142,TK2,0,1,1,0,1,1,0,1,1
O00159,MYO1C,0.028417273,0.751316024,1,-0.117873986,0.462851385,0.972616328,-0.190086878,0.241945979,0.554993009
O00244,ATOX1,-0.272752723,0.165618832,1,-0.879795295,0.01765914,0.134192245,-0.844283854,0.028252023,0.132189967
O00273,DFFA,0,1,1,0,1,1,0,1,1
O00391,QSOX1,0,1,1,0,1,1,0,1,1
O00442,RTCA,0.004360487,0.916924607,1,0.011110286,0.881386658,1,0.030186694,0.685739147,1
O00462,MANBA,,,,,,,,,
O00469,PLOD2,-0.104862062,0.431462135,1,0.843624398,0.002709636,0.049483123,0.714384701,0.008238262,0.058127995
O00541,PES1,0.011269216,0.82410722,1,0.018390208,0.838472791,1,0.057671881,0.52448018,0.915159002
O00592,PODXL,0.316293583,0.019299855,0.569345727,0.562500011,0.020237924,0.145069975,0.767726821,0.002912767,0.029457641
O00625,PIR,-0.281238824,0.112726234,1,-1.394380038,0.000356533,0.016558082,-1.48159136,0.000205166,0.005245418
O00635,TRIM38,0.165986082,0.262513299,1,0.181286208,0.571923384,1,-0.195198897,0.487246017,0.875217085
O00764,PDXK,0,1,1,0,1,1,0,1,1
O14530,TXNDC9,-0.147257567,0.386798013,1,0.166489414,0.579957981,1,0.55680431,0.076024719,0.265049815
O14531,DPYSL4,,,,,,,,,
O14548,COX7A2L,-0.057555982,0.727629291,1,-0.018104997,0.953433674,1,-0.175025121,0.543153277,0.938308644
O14569,CYB561D2,0.165453012,0.630005291,1,-0.886920075,0.157929436,0.553113596,-0.906596138,0.131955935,0.384829666
O14602,EIF1AY,-0.145117964,0.2600416,1,-0.07762496,0.730642294,1,0.081173736,0.718882483,1
O14657,TOR1B,0.029018213,0.78288824,1,0.203618683,0.288120986,0.756772327,0.458951385,0.024903223,0.120130643
O14684,PTGES,0,1,1,0,1,1,0,1,1
O14746,TERT,-0.052070524,0.777347296,1,0.413999384,0.215660622,0.648673323,0.293725921,0.374740197,0.740787967
O14763,TNFRSF10B,,,,,,,,,
O14773,TPP1,-0.119712121,0.273344026,1,-0.169675628,0.380871501,0.874636051,-0.239765584,0.220352379,0.524876629
O14832,PHYH,0.166483061,0.24115822,1,-0.139316569,0.575297035,1,-0.368479345,0.172138548,0.449082538
O14874,BCKDK,,,,,,,,,
O14879,IFIT3,,,,,,,,,
O14880,MGST3,-0.200165981,0.178491962,1,-0.555153123,0.044936656,0.25530678,-0.707364239,0.013711519,0.082161992
O14933,UBE2L6,-0.107545992,0.373193529,1,-0.12589851,0.552722958,1,-0.00427933,0.982998274,1
O15020,SPTBN2,-0.336577353,0.468008173,1,0.731674773,0.385861686,0.878207457,1.494166792,0.087542007,0.288903472
O15056,SYNJ2,-0.119725038,0.173513228,1,-0.152523793,0.327610911,0.801011922,-0.411868819,0.015834899,0.08782028
O15143,ARPC1B,-0.064404148,0.784070361,1,-0.574436526,0.182711644,0.601458502,-0.507438474,0.236414784,0.55115544
O15231,ZNF185,0.260143028,0.200980004,1,0.489554374,0.151017726,0.542391068,0.61647085,0.076815296,0.266476784
O15235,MRPS12,,,,,,,,,
O15239,NDUFA1,-0.258378294,0.15532683,1,-0.350673031,0.249082985,0.687304339,-0.561323228,0.072793475,0.260899977
O15523,DDX3Y,,,,,,,,,
O15533,TAPBP,0.009998895,0.917838824,1,-0.282033978,0.115209877,0.465084084,-0.543644113,0.005215803,0.041672095
O43159,RRP8,-7.09552E-12,0.999998974,1,-9.52142E-11,0.999992638,1,-8.07419E-11,0.999993757,1
O43169,CYB5B,2.27393E-10,0.999969558,1,4.15544E-10,0.999968738,1,1.94991E-10,0.999985331,1
O43237,DYNC1LI2,0,1,1,0,1,1,0,1,1
O43399,TPD52L2,0.014913658,0.868180236,1,-0.175123983,0.285237577,0.754404213,-0.23111876,0.163976516,0.44134653
O43488,AKR7A2,0.00911323,0.869479076,1,0.035299996,0.72125144,1,-0.017638045,0.858329611,1
O43570,CA12,0.237450995,0.090446514,0.963506619,-0.231787953,0.341047177,0.813114072,-0.261875527,0.284167595,0.620958819
O43674,NDUFB5,-0.07790507,0.437389119,1,-0.373667114,0.046478125,0.260209647,-0.467267901,0.01556036,0.08782028
O43676,NDUFB3,-0.021980269,0.852883753,1,-0.766824844,0.002225445,0.043801688,-0.863437974,0.000863006,0.013266947
O43708,GSTZ1,3.38561E-11,0.999990641,1,6.41062E-11,0.999990223,1,8.63984E-11,0.999986824,1
O43920,NDUFS5,-0.020601077,0.882517766,1,-0.166355584,0.504897605,0.994564932,-0.280416298,0.266107438,0.59539419
O60331,PIP5K1C,0.351211158,0.254965865,1,0.922477622,0.093942297,0.409396259,1.730546209,0.004672721,0.038500344
O60361,NME2P1,0,1,1,0,1,1,0,1,1
O60427,FADS1,,,,,,,,,
O60437,PPL,-0.300225582,0.005146983,0.263182376,-0.992960038,2.85979E-05,0.003133518,-1.487212771,2.97385E-07,7.60315E-05
O60499,STX10,,,,,,,,,
O60568,PLOD3,0,1,1,0,1,1,0,1,1
O60716,CTNND1,0.069386175,0.451429628,1,0.339392899,0.052837425,0.281668362,0.500283604,0.00741621,0.053744611
O60879,DIAPH2,0,1,1,0,1,1,0,1,1
O60934,NBN,0.037789953,0.861094133,1,0.508451609,0.196050217,0.621365771,0.675527315,0.091197737,0.29390195
O75131,CPNE3,0.176390345,0.160291326,1,-0.048249912,0.824433522,1,-0.082770216,0.703906533,1
O75170,PPP6R2,0,1,1,0,1,1,0,1,1
O75223,GGCT,0.408446733,0.085638756,0.944868684,1.21013429,0.007959095,0.085980645,1.076937485,0.015861354,0.08782028
O75438,NDUFB1,0,1,1,0,1,1,0,1,1
O75508,CLDN11,0.380484717,0.305608749,1,-0.201145146,0.758520529,1,0.1478707,0.821083836,1
O75521,ECI2,-0.044197201,0.630069281,1,-0.464174499,0.012265598,0.110593244,-0.677756931,0.000891653,0.013356012
O75608,LYPLA1,0.237984225,0.06916183,0.888058828,0.705579651,0.005236291,0.066937255,0.636947988,0.010111873,0.066713315
O75663,TIPRL,0.425601501,0.000304179,0.029163201,0.579528085,0.003066309,0.049749476,0.664668025,0.00101182,0.014196482
O75781,PALM,-0.054236632,0.587293403,1,-0.149935109,0.405227758,0.906585547,-0.313149983,0.093057358,0.298473108
O75818,RPP40,0.025717712,0.82608292,1,0.093311585,0.654809938,1,0.115491397,0.580510658,0.987254268
O75884,RBBP9,0.092216171,0.568087783,1,0.401464716,0.17150597,0.579493739,0.45006319,0.127663376,0.377288258
O76003,GLRX3,0.03833237,0.52015333,1,0.088757428,0.407338375,0.906585547,0.139387002,0.199892151,0.492953945
O76081,RGS20,0.03609251,0.770908574,1,-0.139606513,0.505710982,0.994564932,-0.11039134,0.618761408,1
O94760,DDAH1,0.022047825,0.880972691,1,-0.189396445,0.472933004,0.980377334,-0.622976732,0.026881478,0.128863087
O94763,URI1,0,1,1,0,1,1,0,1,1
O94804,STK10,0.279491277,0.150851425,1,0.861366712,0.021063771,0.149591779,0.915383271,0.015234837,0.08782028
O94822,LTN1,-0.13287729,0.46885841,1,0.270991717,0.407539183,0.906585547,0.356180362,0.279633015,0.612795778
O94830,DDHD2,0.383759032,0.07178572,0.888058828,0.955225186,0.012688664,0.110593244,1.227908744,0.002780207,0.029068202
O94885,SASH1,0.107790074,0.31985117,1,-0.484858036,0.021653718,0.152370656,-0.242826855,0.217487654,0.52129072
O94919,ENDOD1,0.125893745,0.37615374,1,-0.065400219,0.794258049,1,-0.125594927,0.617412522,1
O94966,USP19,,,,,,,,,
O95168,NDUFB4,0.021896903,0.876672135,1,-0.505653472,0.056450319,0.29494914,-0.683020923,0.013180217,0.080231954
O95183,VAMP5,,,,,,,,,
O95210,STBD1,0.007389561,0.949938014,1,0.080597112,0.700967732,1,0.309263008,0.151884289,0.420208556
O95298,NDUFC2,-0.188668194,0.663765977,1,-0.98336381,0.234620286,0.674673614,-1.256232092,0.133926978,0.387073712
O95340,PAPSS2,0.075155125,0.352421273,1,0.12155631,0.398598261,0.899190783,0.137312389,0.341675388,0.692001165
O95361,TRIM16,0,1,1,0,1,1,0,1,1
O95400,CD2BP2,-0.175441979,0.251177357,1,-0.511324683,0.067857516,0.328572924,-0.45409929,0.101685097,0.320197468
O95470,SGPL1,0.055877604,0.532949107,1,0.694552819,0.000555564,0.019046096,0.829637355,0.000108626,0.003622432
O95602,POLR1A,0,1,1,0,1,1,0,1,1
O95671,ASMTL,0.211345376,0.048017893,0.818502996,0.44838501,0.022064689,0.152465014,0.369391265,0.053031405,0.209099726
O95674,CDS2,0.105195888,0.311273456,1,0.147234537,0.423453426,0.914897966,0.142521509,0.438205339,0.821768937
O95707,POP4,1.46332E-15,0.999999984,1,-2.07445E-18,1,1,1.49142E-14,0.999999913,1
O95721,SNAP29,0.220297008,0.145825554,1,0.355954837,0.184473347,0.603270808,0.477880801,0.080151594,0.272018904
O95760,IL33,,,,,,,,,
O95864,FADS2,,,,,,,,,
O95965,ITGBL1,3.97472E-13,0.999999391,1,1.28726E-12,0.999998946,1,2.43871E-13,0.99999979,1
O96000,NDUFB10,-0.293884652,0.068589108,0.888058828,-1.170292387,0.000571135,0.019046096,-1.838370768,5.77981E-06,0.00055414
O96007,MOCS2,0.458432028,0.052421343,0.855471698,0.828589343,0.047637859,0.264769842,1.227310513,0.008474016,0.059087002
P00403,MT-CO2,-0.064081676,0.592313918,1,-0.435716912,0.053496276,0.282976854,-0.491103335,0.031917064,0.146589149
P00736,C1R,-7.81187E-17,0.999999993,1,1.85179E-16,0.999999991,1,1.40812E-16,0.999999993,1
P00749,PLAU,-1.255003806,8.82745E-06,0.002256883,-1.015541359,0.001330177,0.031882688,-1.321078142,0.000182519,0.004827311
P00846,MT-ATP6,0.022944127,0.791952679,1,-0.007939663,0.959113114,1,-0.011538062,0.940613719,1
P01033,TIMP1,-0.000989356,0.99439757,1,-0.300940141,0.239731772,0.674722774,-0.934765925,0.001456945,0.018624614
P01034,CST3,-0.030857855,0.834632984,1,-0.400096645,0.143999915,0.533564904,-0.332188768,0.243478666,0.555798027
P01130,LDLR,,,,,,,,,
P01889,HLA-B,0.14382344,0.575695638,1,0.054511827,0.904819775,1,-0.043546176,0.923895536,1
P01893,HLA-H,,,,,,,,,
P02452,COL1A1,0.210495147,0.558865256,1,2.58551843,0.00099851,0.026820525,2.647087602,0.00082147,0.013126402
P02461,COL3A1,0.194361572,0.206356067,1,2.548697298,1.13782E-07,8.72705E-05,2.370928222,2.80249E-07,7.60315E-05
P02751,FN1,-0.021266569,0.815318208,1,1.232061108,6.07525E-07,0.000232986,1.439806619,7.10165E-08,5.44697E-05
P02768,ALB,,,,,,,,,
P02786,TFRC,-0.190651079,0.042953953,0.818502996,0.157207699,0.325576893,0.801011922,0.434834478,0.013571341,0.081962348
P02790,HPX,,,,,,,,,
P02792,FTL,0.10455302,0.563706932,1,-1.415450884,0.000470805,0.019005638,-2.277830995,3.4061E-06,0.000499595
P03915,MT-ND5,0,1,1,0,1,1,0,1,1
P03928,MT-ATP8,0.419254609,0.243580119,1,-0.779971672,0.223812394,0.657910322,-0.884681215,0.191201342,0.482406017
P04040,CAT,-0.045807679,0.584042727,1,-0.436346893,0.010161306,0.09932081,-0.600475022,0.001103808,0.014852995
P04075,ALDOA,0.090144745,0.309749966,1,0.249982933,0.121230454,0.484290406,0.228818211,0.153886157,0.421538152
P04083,ANXA1,0.023425965,0.818863607,1,-0.099980974,0.584043013,1,-0.090407236,0.620308978,1
P04114,APOB,0,1,1,0,1,1,0,1,1
P04156,PRNP,-0.122007874,0.354661078,1,0.009281631,0.968121462,1,0.03635128,0.875666072,1
P04216,THY1,0,1,1,0,1,1,0,1,1
P04264,KRT1,-0.02777936,0.871466573,1,-0.08823457,0.773044137,1,-0.136463993,0.656053641,1
P04406,GAPDH,2.50467E-09,0.999918892,1,5.24239E-09,0.999904601,1,7.4689E-09,0.999864084,1
P05155,SERPING1,0.105363007,0.449057307,1,-0.125603165,0.613479149,1,-0.445539824,0.088325416,0.289511084
P05161,ISG15,0.433262263,0.156814304,1,0.839073877,0.125854535,0.487527415,1.009007894,0.069455511,0.254891756
P05186,ALPL,,,,,,,,,
P05362,ICAM1,-0.736362386,0.002023264,0.141076697,-1.331434155,0.001944533,0.041429353,-1.914399939,7.94695E-05,0.00281474
P06280,GLA,0.003117343,0.9900696,1,0.348634544,0.440818847,0.940261397,0.591029862,0.199657829,0.492953945
P06396,GSN,0.055517684,0.602437267,1,-0.167263616,0.38511479,0.878207457,-0.237075835,0.223887176,0.530004518
P06400,RB1,-0.51515185,0.070216402,0.888058828,-0.266935051,0.48053324,0.989738894,0.004187912,0.990760681,1
P06702,S100A9,,,,,,,,,
P06703,S100A6,0.192604482,0.49644932,1,-0.173037094,0.744586718,1,0.531687691,0.298533933,0.635687345
P06733,ENO1,-0.022340962,0.596452053,1,-0.036186782,0.629805003,1,-0.043368394,0.564001962,0.965601573
P06737,PYGL,0.191619324,0.046473067,0.818502996,0.194822389,0.238572312,0.674722774,0.213637625,0.198227951,0.492041548
P06744,GPI,0.081044982,0.307680885,1,0.272889807,0.065885561,0.322554223,0.257428287,0.080967271,0.273576639
P07093,SERPINE2,0.054918224,0.639010086,1,0.854575352,0.000975083,0.026820525,1.184978056,4.87106E-05,0.00196637
P07195,LDHB,1.21822E-11,0.999993266,1,2.15782E-13,0.999999933,1,6.40076E-12,0.999998012,1
P07204,THBD,,,,,,,,,
P07477,PRSS1,-0.363611208,0.152461386,1,-0.840041462,0.068113553,0.328572924,-1.088294943,0.021565233,0.108108064
P07814,EPRS,0.0663992,0.440490789,1,0.262952214,0.101160926,0.429281817,0.513088849,0.003961329,0.034923441
P07996,THBS1,0.507922174,0.068207438,0.888058828,0.872160093,0.07940357,0.36807904,1.156443092,0.02461934,0.120130643
P08047,SP1,-0.093462009,0.388155267,1,-0.064985366,0.734260368,1,-0.183968197,0.341940602,0.692001165
P08123,COL1A2,0.246108427,0.250933768,1,2.931055271,1.3838E-06,0.000353792,3.070865509,7.96771E-07,0.000152781
P08133,ANXA6,0,1,1,0,1,1,0,1,1
P08174,CD55,-0.059056885,0.692677843,1,-0.269266549,0.317078436,0.800707351,-0.480702281,0.082765554,0.278426227
P08397,HMBS,-0.012307065,0.941553807,1,-0.547540725,0.079521479,0.36807904,-0.527396973,0.090258513,0.292877883
P08473,MME,,,,,,,,,
P08727,KRT19,0.230173709,0.043085606,0.818502996,0.204092124,0.292280321,0.757361507,0.248406909,0.203761585,0.497723361
P08758,ANXA5,0.026552818,0.855859964,1,-0.474805559,0.081318442,0.371257409,-0.630772271,0.024763955,0.120130643
P08779,KRT16,-0.070223938,0.611160627,1,-0.117151999,0.639677846,1,-0.107126329,0.668448867,1
P08962,CD63,0,1,1,0,1,1,0,1,1
P09038,FGF2,-0.034357513,0.741821038,1,0.022646576,0.903724341,1,-0.349492414,0.077476301,0.266476784
P09211,GSTP1,0.048855403,0.348921061,1,0.071120933,0.442879445,0.940261397,0.073292758,0.429314252,0.811044413
P09382,LGALS1,0.07041704,0.779521751,1,-0.303924831,0.499275637,0.991936767,-0.314379749,0.484812841,0.872890725
P09488,GSTM1,,,,,,,,,
P09493,TPM1,0.650927105,0.074148878,0.890841322,1.427078825,0.031305108,0.196811619,1.520956704,0.022837138,0.113740809
P0CG12,CHTF8,-0.09209987,0.45170722,1,-0.695428562,0.005064044,0.065832575,-1.475100766,4.55954E-06,0.000499595
P0CW20;P0CW19,LIMS3L;LIMS3,-0.05247511,0.74144454,1,-0.307272515,0.286832568,0.756015736,-0.692552918,0.024559648,0.120130643
P0DPI2;A0A0B4J2D5,,-0.150554685,0.279691719,1,-0.678614844,0.012514229,0.110593244,-0.773730897,0.005528554,0.043521081
P10253,GAA,-0.069893719,0.493799457,1,-0.229048684,0.219194266,0.654171215,-0.62353333,0.003293131,0.030431701
P10321,HLA-C,0.105995773,0.696286729,1,-0.987938891,0.057040093,0.295052168,-1.093861484,0.037518893,0.166340987
P10606,COX5B,0.080671072,0.56712576,1,-0.133734471,0.596506521,1,-0.057596225,0.818974589,1
P10909,CLU,-0.156419622,0.163246574,1,-0.309476394,0.125808975,0.487527415,-0.386199051,0.06085626,0.231073028
P11021,HSPA5,0,1,1,0,1,1,0,1,1
P11172,UMPS,0.036597057,0.701151046,1,0.124730643,0.464657107,0.972616328,0.253770079,0.145371791,0.406934903
P12074,COX6A1,0,1,1,0,1,1,0,1,1
P12107,COL11A1,,,,,,,,,
P12109,COL6A1,-0.268558533,0.029915512,0.764839929,-0.046942132,0.818666456,1,-0.11173708,0.586827735,0.993387908
P12110,COL6A2,-0.285381722,0.036278165,0.818502996,-0.33463939,0.153954574,0.549223991,-0.427084552,0.074087089,0.264110296
P12111,COL6A3,-0.586449571,7.46271E-05,0.014309752,-0.658515382,0.004049523,0.057875523,-0.740133175,0.001731101,0.020798631
P12235,SLC25A4,0.121647931,0.196446146,1,-0.185819899,0.269123292,0.719224966,-0.322600431,0.065379573,0.242251848
P12270,TPR,-0.113029975,0.125820202,1,-0.250313408,0.060954505,0.30757964,-0.273435584,0.042429629,0.17881058
P12821,ACE,0,1,1,0,1,1,0,1,1
P13051,UNG,,,,,,,,,
P13489,RNH1,0.13834234,0.293561279,1,0.321977268,0.175413497,0.582433559,0.353567742,0.138834592,0.395859226
P13498,CYBA,,,,,,,,,
P13647,KRT5,-0.27550507,0.141749005,1,-0.484285591,0.149232925,0.53991346,-0.63589185,0.064106497,0.238934644
P13804,ETFA,-0.099869986,0.349489155,1,-0.733605278,0.001388021,0.032260969,-1.064178721,4.72693E-05,0.00196637
P13987,CD59,-0.222676269,0.385660982,1,-1.197951538,0.015668992,0.128571968,-1.404875822,0.005878036,0.044842826
P14174,MIF,-0.008753868,0.961548917,1,0.321518075,0.327635428,0.801011922,0.350235479,0.287503017,0.624673874
P14209,CD99,-0.3046209,0.259147184,1,-0.383466202,0.420334752,0.914881043,-0.373038612,0.43284445,0.815704406
P14406,COX7A2,0.080654112,0.637560705,1,-0.166739439,0.586538009,1,0.043428711,0.886851462,1
P14649,MYL6B,,,,,,,,,
P15151,PVR,0.098173496,0.193145283,1,0.128147561,0.335449506,0.811639656,0.098446311,0.45696704,0.842532981
P15170,GSPT1,0,1,1,0,1,1,0,1,1
P15289,ARSA,0,1,1,0,1,1,0,1,1
P15502,ELN,,,,,,,,,
P15529,CD46,0.265574993,0.042452583,0.818502996,0.159080491,0.493381906,0.991936767,0.480317881,0.040816768,0.173943458
P15559,NQO1,0.09817104,0.425681087,1,-0.337510416,0.138837051,0.519453745,-0.424180322,0.068419041,0.252295214
P16083,NQO2,-0.063468492,0.635473713,1,-0.434564608,0.0859138,0.378711979,-0.504552094,0.049841897,0.20120387
P16157,ANK1,,,,,,,,,
P16401,HIST1H1B,0.081091318,0.703114232,1,-0.489167148,0.205851672,0.638530401,-0.62228118,0.112332015,0.347413934
P16402,HIST1H1D,,,,,,,,,
P16455,MGMT,0.061564466,0.567379752,1,0.178813478,0.356741395,0.839327148,0.072669659,0.705005206,1
P17096,HMGA1,0.037540217,0.858648936,1,-0.137258601,0.717260232,1,-0.573104505,0.144216512,0.406669357
P17275,JUNB,-0.152425924,0.26846294,1,-0.133984809,0.580400451,1,-0.329306098,0.183080961,0.469642464
P17342,NPR3,-0.541925463,0.004236599,0.232105096,-1.338985399,0.000342767,0.016558082,-1.203070448,0.00086486,0.013266947
P17900,GM2A,-0.031362689,0.772428935,1,-0.100951104,0.604153673,1,-0.063272402,0.744591263,1
P18084,ITGB5,-0.073897693,0.459254795,1,-0.272590372,0.138414857,0.519453745,-0.400783353,0.036040503,0.162606269
P18085,ARF4,-0.008296674,0.934847017,1,-0.065583731,0.716932647,1,-0.077586247,0.668192986,1
P18859,ATP5J,0.217085757,0.520411278,1,-0.017989634,0.976576663,1,0.175269144,0.760555941,1
P19021,PAM,-0.041685099,0.82932842,1,-0.270167701,0.441578418,0.940261397,-1.137587291,0.014849556,0.086943585
P19320,VCAM1,0,1,1,0,1,1,0,1,1
P19474,TRIM21,0,1,1,0,1,1,0,1,1
P19525,EIF2AK2,-0.066186706,0.437699572,1,-0.416888238,0.011837865,0.110593244,-0.418465241,0.011573822,0.07217172
P19838,NFKB1,0,1,1,0,1,1,0,1,1
P19971,TYMP,0.021954083,0.848426368,1,0.329441871,0.124069808,0.487527415,0.217672454,0.299195739,0.635687345
P20290,BTF3,,,,,,,,,
P20700,LMNB1,-0.204276497,0.307914439,1,-0.86292497,0.02293959,0.155705008,-0.922276646,0.016047913,0.08782028
P20810,CAST,-0.028711298,0.83516822,1,-0.332412936,0.186529468,0.606220773,-0.477648409,0.064012676,0.238934644
P20930,FLG,,,,,,,,,
P20933,AGA,-0.162025715,0.275776395,1,0.216987201,0.412777431,0.909770947,0.515404836,0.064172799,0.238934644
P21266,GSTM3,0.115155999,0.321745958,1,0.014836644,0.942376396,1,-0.125582466,0.543166933,0.938308644
P21333,FLNA,0,1,1,0,1,1,0,1,1
P21589,NT5E,0.016312561,0.874894076,1,-0.467745924,0.022608996,0.15483125,-0.830593971,0.000441968,0.008920777
P21926,CD9,0.033897365,0.847812248,1,-0.649129783,0.052822131,0.281668362,-0.568119629,0.085923795,0.286537176
P21964,COMT,-0.011320923,0.803857311,1,0.005063457,0.950316856,1,-0.014887851,0.854698636,1
P22061,PCMT1,-5.07365E-17,0.999999991,1,-9.1074E-17,0.999999991,1,-1.46119E-16,0.999999986,1
P22090,RPS4Y1,-4.44687E-12,0.999998359,1,7.73342E-12,0.999998397,1,1.89673E-11,0.99999626,1
P22570,FDXR,0.022283958,0.840088813,1,-0.703023087,0.002852438,0.049749476,-0.894816468,0.000415542,0.008790942
P22612,PRKACG,,,,,,,,,
P23141,CES1,,,,,,,,,
P23368,ME2,-0.032136339,0.756936547,1,-0.454366392,0.026199553,0.170297096,-0.774897214,0.000805257,0.013126402
P23458,JAK1,0.239671564,0.021907914,0.600120357,0.067978488,0.692168061,1,0.165604381,0.340845794,0.692001165
P24310,COX7A1,-7.50895E-12,0.999997821,1,-2.3433E-11,0.9999966,1,-1.44807E-11,0.999997899,1
P25445,FAS,0,1,1,0,1,1,0,1,1
P26022,PTX3,0.327930742,0.105645678,1,0.192509616,0.581600981,1,0.428258293,0.22802786,0.536494995
P26232,CTNNA2,-0.302681496,0.4353631,1,-0.372312751,0.588205811,1,-0.301720821,0.660402038,1
P27216,ANXA13,-0.11262006,0.569731735,1,-0.258688979,0.486429462,0.991936767,-0.448952098,0.291591406,0.628174143
P27449,ATP6V0C,0.007440431,0.833697274,1,0.015786987,0.802405356,1,0.021526015,0.733128232,1
P27487,DPP4,-0.187438035,0.10858397,1,-0.532433781,0.016810642,0.131569001,-0.744109028,0.00193463,0.022768595
P27695,APEX1,0,1,1,0,1,1,0,1,1
P27701,CD82,-0.234055287,0.260981882,1,-0.95651138,0.0182999,0.136272074,-1.208821288,0.004568462,0.038087073
P28161,GSTM2,0.005701332,0.945918711,1,-0.04504541,0.763555441,1,-0.087484504,0.560412977,0.961603475
P28300,LOX,0,1,1,0,1,1,0,1,1
P28799,GRN,-0.008727044,0.919115361,1,0.217610092,0.172965649,0.581862513,0.342234374,0.040046557,0.172560164
P28845,HSD11B1,0.10100433,0.611452995,1,-1.06956566,0.008459288,0.087679376,-1.310394175,0.002139688,0.023895286
P29083,GTF2E1,0.042720439,0.682065029,1,0.124603987,0.509171495,0.99529236,0.0980359,0.588002751,0.993387908
P29279,CTGF,0.681426856,0.02077037,0.590032364,2.26889603,0.000187499,0.013073819,2.326147446,0.000145935,0.004477277
P29372,MPG,0.005928723,0.968282882,1,0.27103406,0.289092949,0.756772327,0.282288445,0.270284892,0.59743087
P29401,TKT,-0.111730328,0.20506541,1,-0.420770501,0.014529546,0.124120802,-0.622220809,0.001016542,0.014196482
P30046,DDT,0.001980089,0.974293432,1,0.013903492,0.898911047,1,0.02820925,0.796733588,1
P30101,PDIA3,0.030285495,0.780924176,1,-0.072673655,0.707991265,1,-0.090705421,0.640487982,1
P30405,PPIF,0.112316089,0.373121289,1,0.023197674,0.91694044,1,-0.094245945,0.672559269,1
P30530,AXL,,,,,,,,,
P30536,TSPO,0.156413281,0.52068832,1,-0.070695465,0.869756466,1,-0.22754205,0.598880176,1
P30711,GSTT1,2.73141E-16,0.999999982,1,7.65846E-16,0.999999971,1,4.01394E-16,0.999999985,1
P30740,SERPINB1,0.193958737,0.033400313,0.800563758,0.171381125,0.266907366,0.715797026,0.019368098,0.898025083,1
P32119,PRDX2,0.004619471,0.978915582,1,-0.333114925,0.29170917,0.757361507,-0.480793714,0.134239384,0.387073712
P32455,GBP1,0.15805699,0.28303055,1,-0.234106422,0.369186177,0.855485794,-0.058711519,0.819916297,1
P33176,KIF5B,0,1,1,0,1,1,0,1,1
P34810,CD68,0.026259632,0.852027106,1,-0.054313672,0.828653498,1,-0.195351394,0.43982453,0.822793695
P35030,PRSS3,-0.208679301,0.273938212,1,-0.573730381,0.098757499,0.423167608,-0.568107079,0.101862037,0.320197468
P35270,SPR,0.058783533,0.667195989,1,-0.084358197,0.729749982,1,-0.2883635,0.246923505,0.558673536
P35354,PTGS2,-0.199915961,0.413913518,1,-0.712678794,0.116231377,0.466751133,-1.050595242,0.035272787,0.160084185
P35580,MYH10,-1.52882E-17,0.999999992,1,-1.78349E-17,0.999999995,1,-2.78072E-17,0.999999992,1
P35908,KRT2,-0.413307393,0.243107468,1,-1.081319705,0.094962183,0.411502794,-1.269513053,0.053531413,0.209482622
P36269,GGT5,-0.083358367,0.558996678,1,-0.571410764,0.038600726,0.224293613,-0.936901273,0.002149641,0.023895286
P36578,RPL4,0,1,1,0,1,1,0,1,1
P38432,COIL,0.049504917,0.825671717,1,0.294677068,0.482825797,0.990180178,0.351879351,0.417818933,0.795203775
P40121,CAPG,-0.015160206,0.83421222,1,0.05368505,0.678718674,1,0.02699168,0.834721668,1
P40261,NNMT,0,1,1,0,1,1,0,1,1
P40306,PSMB10,8.4227E-18,0.999999999,1,4.51653E-17,0.999999997,1,1.7122E-16,0.999999989,1
P40855,PEX19,0.026466566,0.893576824,1,-0.068172992,0.856534656,1,0.040835046,0.913731077,1
P41214,EIF2D,0.061166865,0.745879162,1,0.209223813,0.53500843,1,0.311477949,0.358557622,0.718051425
P41226,UBA7,0.165135571,0.115005,1,0.304156827,0.106318046,0.440788871,0.179343258,0.327339627,0.671308807
P42126,ECI1,0.021360125,0.862168272,1,-0.455993289,0.052031971,0.281668362,-0.696521091,0.005617454,0.043521081
P42166,TMPO,0,1,1,0,1,1,0,1,1
P43155,CRAT,-0.099437486,0.388470236,1,-0.880122767,0.000523857,0.019046096,-1.18486128,2.82538E-05,0.001666977
P46063,RECQL,0.021992636,0.763557133,1,-0.004521205,0.972375899,1,-0.048777785,0.709298308,1
P46109,CRKL,0.02383588,0.781123531,1,0.117664818,0.443773958,0.940261397,0.139575814,0.365065449,0.727432589
P46934,NEDD4,0.499622472,0.000433721,0.03696264,1.001439627,0.000150444,0.011539076,1.192335537,2.45357E-05,0.001568243
P46939,UTRN,-0.114827997,0.21956237,1,-0.563034696,0.003334204,0.050970264,-0.705919157,0.00056156,0.009772426
P46940,IQGAP1,0,1,1,0,1,1,0,1,1
P47985,UQCRFS1,-0.204813108,0.466379861,1,-1.498833329,0.007790246,0.085358834,-1.681709252,0.003605497,0.032534306
P48147,PREP,0.151550382,0.131719792,1,0.452317934,0.017845644,0.134192245,0.491047212,0.011247052,0.070708927
P48307,TFPI2,,,,,,,,,
P48634,PRRC2A,-6.58669E-20,1,1,-1.52544E-19,1,1,-1.67607E-19,1,1
P48681,NES,-0.115576608,0.470341514,1,-0.141437099,0.638152982,1,0.019431627,0.946053823,1
P48960,CD97,-0.064116005,0.777627932,1,-0.526877019,0.224232835,0.657910322,-0.148460307,0.71348595,1
P49005,POLD2,,,,,,,,,
P49006,MARCKSL1,,,,,,,,,
P49184,DNASE1L1,,,,,,,,,
P49419,ALDH7A1,0.008297751,0.912010365,1,-0.091395344,0.500845555,0.991936767,-0.128847646,0.34614998,0.698676407
P49588,AARS,3.5461E-11,0.999983998,1,5.18899E-11,0.999986842,1,5.3305E-11,0.999986483,1
P49589,CARS,0.182107928,0.100915,1,0.511755653,0.015064845,0.126975119,0.664592193,0.002804494,0.029068202
P50135,HNMT,-3.0669E-14,0.999999964,1,1.0585E-12,0.999999292,1,2.56128E-12,0.999998286,1
P50336,PPOX,0,1,1,0,1,1,0,1,1
P50453,SERPINB9,,,,,,,,,
P50747,HLCS,-0.208199384,0.165893047,1,-0.254642346,0.360125918,0.842123717,-0.200298501,0.46906422,0.85052543
P50895,BCAM,,,,,,,,,
P51398,DAP3,0,1,1,0,1,1,0,1,1
P51649,ALDH5A1,0.128702622,0.421778671,1,-0.007137426,0.983438131,1,-0.19470151,0.518561752,0.911979208
P51659,HSD17B4,0.007229822,0.931811811,1,-0.152805832,0.318403836,0.800707351,-0.16025791,0.296101636,0.632618258
P51808,DYNLT3,0.003306502,0.978872551,1,-0.030698917,0.890357928,1,-0.007129622,0.974453637,1
P51884,LUM,-0.001970798,0.918038653,1,-0.002255382,0.949805382,1,-0.003802633,0.915485191,1
P52272,HNRNPM,-0.042920591,0.892738435,1,-0.707085715,0.221860322,0.657637324,-0.89995093,0.124784944,0.373867392
P52789,HK2,0.052182125,0.612238322,1,0.169234572,0.363871157,0.848069964,0.345419442,0.07503192,0.264110296
P52948,NUP98,-0.022781451,0.593273803,1,-0.044851589,0.554886784,1,-0.035335534,0.641277287,1
P53007,SLC25A1,-0.002061602,0.98315033,1,-0.42596785,0.025997787,0.170297096,-0.610244138,0.003001031,0.029510134
P53602,MVD,-2.21763E-15,0.999999934,1,-5.56543E-15,0.999999904,1,-6.64463E-15,0.99999989,1
P53675,CLTCL1,0,1,1,0,1,1,0,1,1
P54802,NAGLU,-0.022743773,0.809633422,1,0.312577313,0.080813778,0.371162682,0.383132195,0.036693697,0.163628286
P55196,MLLT4,-0.001947794,0.960668721,1,0.004537664,0.949420382,1,0.002646825,0.970482691,1
P55899,FCGRT,-0.090703022,0.642609409,1,-0.409762065,0.247006201,0.687304339,-0.718397253,0.050576066,0.203098651
P56182,RRP1,0,1,1,0,1,1,0,1,1
P56277,CMC4,,,,,,,,,
P56378,MP68,0,1,1,0,1,1,0,1,1
P56524,HDAC4,,,,,,,,,
P56945,BCAR1,0.299874813,0.195726959,1,0.492684972,0.238674847,0.674722774,1.208617867,0.011019396,0.069850218
P56962,STX17,,,,,,,,,
P58004,SESN2,0.264280748,0.268027098,1,1.103941158,0.016128407,0.130215666,1.448884329,0.00316225,0.029578603
P60033,CD81,0.150470336,0.287728499,1,0.103801395,0.676271715,1,0.02284507,0.926614273,1
P60468,SEC61B,-0.102654751,0.638120506,1,-0.801958392,0.05025534,0.27532747,-0.998736977,0.017650066,0.092723292
P61769,B2M,0.225537518,0.487175034,1,-0.066677903,0.907541941,1,-0.145425856,0.800162911,1
P61916,NPC2,-0.230915501,0.229597267,1,-0.332387274,0.330012734,0.801011922,-0.220724186,0.514201529,0.909760996
P62937,PPIA,-0.04386001,0.822965248,1,-0.431560379,0.225593761,0.657910322,-0.463064476,0.194853576,0.488407492
P63313,TMSB10,0,1,1,0,1,1,0,1,1
P67936,TPM4,0,1,1,0,1,1,0,1,1
P69905,HBA1,-0.072690481,0.69773162,1,-0.244246957,0.467116206,0.972616328,-0.336078206,0.320269199,0.660339987
P78318,IGBP1,-0.001334408,0.990110703,1,0.062650832,0.731018365,1,0.026933245,0.882372035,1
P78324,SIRPA,-0.771350808,7.05828E-06,0.002256883,-0.90237079,0.000519216,0.019046096,-0.898705415,0.000537834,0.009772426
P78381,SLC35A2,,,,,,,,,
P78559,MAP1A,1.984E-13,0.999999481,1,-4.43432E-13,0.999999348,1,5.33694E-13,0.999999215,1
P80217,IFI35,3.8197E-18,0.999999998,1,1.62145E-17,0.999999996,1,1.50566E-17,0.999999997,1
P82914,MRPS15,0.114172317,0.363513252,1,0.133508468,0.549210099,1,-0.121093578,0.586595528,0.993387908
P82932,MRPS6,,,,,,,,,
P83111,LACTB,-0.067250569,0.527318455,1,-0.37331407,0.064315265,0.318256826,-0.452567776,0.02870187,0.133420208
P98161,PKD1,0.149707621,0.308798824,1,-0.005055005,0.984356576,1,-0.103344364,0.689216582,1
Q00059,TFAM,-0.021495044,0.83173521,1,-0.326027337,0.086825412,0.380543376,-0.364415878,0.058416352,0.224026711
Q01201,RELB,0.048319888,0.694390069,1,0.39249003,0.072163088,0.345931805,0.06169968,0.766377875,1
Q01459,CTBS,0.031022387,0.889087254,1,0.226499608,0.545798203,1,0.150739982,0.686402298,1
Q01628,IFITM3,0,1,1,0,1,1,0,1,1
Q01804,OTUD4,-0.03850179,0.836606601,1,-0.177864046,0.654211136,1,-0.248019618,0.53353986,0.925848581
Q01970,PLCB3,0.055005076,0.487750317,1,0.161101454,0.260498514,0.703529437,0.180443005,0.209634489,0.508828017
Q02413,DSG1,,,,,,,,,
Q02539,HIST1H1A,1.58362E-17,0.999999997,1,2.00253E-17,0.999999998,1,1.28894E-16,0.999999986,1
Q02790,FKBP4,1.15243E-19,1,1,3.67076E-19,0.999999999,1,4.84443E-19,0.999999999,1
Q03169,TNFAIP2,-0.172157792,0.291972255,1,-0.855024464,0.00642644,0.077016872,-0.912354936,0.004241667,0.036148431
Q03252,LMNB2,-0.157392053,0.412898723,1,-0.753398688,0.037007333,0.218343263,-0.955484011,0.010510891,0.067746667
Q03405,PLAUR,-1.107999399,0.000146105,0.018677144,-2.158711648,6.30361E-05,0.006043584,-2.383230435,2.20746E-05,0.001539203
Q03468,ERCC6,-0.018718733,0.925573635,1,0.481945614,0.167242935,0.575225701,0.601471982,0.09049812,0.292877883
Q04828,AKR1C1,0.155811962,0.413510573,1,-0.683445812,0.059370871,0.301572571,-1.064840356,0.006586083,0.048572361
Q04917,YWHAH,0,1,1,0,1,1,0,1,1
Q06265,EXOSC9,5.8169E-15,0.999999886,1,1.47768E-14,0.999999846,1,2.65051E-14,0.999999709,1
Q06278,AOX1,1.02021E-12,0.99999849,1,1.38008E-13,0.999999898,1,7.32542E-13,0.999999374,1
Q06323,PSME1,0.047431869,0.580505649,1,-0.097067345,0.529384403,1,-0.307972713,0.059247106,0.226082242
Q08257,CRYZ,-0.005329979,0.968085399,1,-0.226076831,0.352055808,0.830851707,-0.445249357,0.077999127,0.267077366
Q08379,GOLGA2,3.15121E-13,0.99999925,1,1.2303E-12,0.999998354,1,7.34031E-13,0.999999018,1
Q08426,EHHADH,0.130139219,0.482100258,1,0.332787415,0.347134966,0.824311205,0.490313576,0.174548454,0.452995616
Q08623,HDHD1,-0.054600628,0.823980049,1,0.054714615,0.902787301,1,0.131397946,0.769552385,1
Q08AF3,SLFN5,-0.011834637,0.939007345,1,0.656296364,0.028066639,0.177910018,0.771163597,0.01187065,0.073425714
Q09666,AHNAK,0.094359273,0.545763113,1,-0.371566456,0.189868799,0.609342031,-0.419870361,0.141080254,0.400772425
Q0IIM8,TBC1D8B,0.087711013,0.754573789,1,0.474834495,0.247356214,0.687304339,0.764112267,0.08452618,0.283107335
Q10588,BST1,-0.006125753,0.946394182,1,-0.073491973,0.652901758,1,-0.130243022,0.428423272,0.811044413
Q12788,TBL3,0.095388651,0.562005108,1,0.529313537,0.083631116,0.372936431,0.611887537,0.048614404,0.198336427
Q12884,FAP,-0.160874494,0.051293729,0.855267177,-0.110950923,0.428802457,0.921264663,-0.194380934,0.17481969,0.452995616
Q12981,BNIP1,0.075928808,0.423758057,1,-0.013447892,0.936335607,1,-0.191042109,0.266258419,0.59539419
Q13137,CALCOCO2,0.279089685,0.193435695,1,1.097519119,0.017673592,0.134192245,1.178418571,0.019764575,0.100590456
Q13158,FADD,0.007300815,0.982151391,1,0.073824737,0.906501861,1,0.479649174,0.449601582,0.834974366
Q13228,SELENBP1,-0.013060298,0.89199559,1,-0.111058971,0.523358766,1,-0.273768879,0.128213831,0.377288258
Q13287,NMI,-0.04070976,0.683165033,1,-0.035229387,0.842589833,1,-0.07199305,0.685387755,1
Q13361,MFAP5,-0.080301382,0.774868708,1,1.034394777,0.052881674,0.281668362,1.495296065,0.00818513,0.058127995
Q13443,ADAM9,0.038708281,0.686148826,1,0.018338652,0.914273275,1,-0.004754943,0.977728977,1
Q13488,TCIRG1,0.020976661,0.793755952,1,-0.165849216,0.257648107,0.703260136,-0.086907813,0.546903334,0.942640128
Q13492,PICALM,0.106598611,0.259448866,1,0.454986734,0.012130531,0.110593244,0.433021012,0.016139355,0.08782028
Q13546,RIPK1,0.04235547,0.609339852,1,0.154274819,0.300593776,0.768518088,0.173624049,0.245699448,0.557548748
Q13561,DCTN2,1.83213E-17,0.999999988,1,3.03925E-17,0.999999989,1,3.5561E-17,0.999999987,1
Q13601,KRR1,-0.138327936,0.165708239,1,-0.284009469,0.113220406,0.462547131,-0.305447265,0.090138101,0.292877883
Q13641,TPBG,0.201767212,0.123906844,1,0.413032566,0.079662478,0.36807904,0.482830309,0.043377927,0.181808033
Q13642,FHL1,0.034651877,0.8604843,1,-0.286360726,0.421059985,0.914881043,-0.354946487,0.321158926,0.660399186
Q13671,RIN1,0,1,1,0,1,1,0,1,1
Q13867,BLMH,3.00637E-13,0.999999163,1,4.96741E-14,0.999999922,1,2.31717E-13,0.999999637,1
Q14141,Sep-06,,,,,,,,,
Q14155,ARHGEF7,0,1,1,0,1,1,0,1,1
Q14157,UBAP2L,0.013776805,0.778086272,1,0.045434244,0.602821113,1,0.044551005,0.609838965,1
Q14195,DPYSL3,0.03292336,0.853390471,1,0.677329208,0.045562896,0.256961332,0.479129638,0.145006866,0.406934903
Q14197,ICT1,-0.126493797,0.243499769,1,-0.18726933,0.329264283,0.801011922,-0.219757358,0.254471653,0.57405811
Q14204,DYNC1H1,0.082557819,0.214098711,1,0.142578531,0.23026002,0.666450698,0.171566113,0.152905386,0.420352799
Q14257,RCN2,-0.113255718,0.523889299,1,-0.753329105,0.02795803,0.177910018,-0.679327147,0.044530701,0.184621879
Q14353,GAMT,0,1,1,0,1,1,0,1,1
Q14534,SQLE,0.007701918,0.966332012,1,0.251030174,0.419525824,0.914881043,0.260584968,0.402381964,0.775444639
Q14596,NBR1,0.297479102,0.145389134,1,0.920428373,0.016617727,0.131399964,0.877079081,0.027727918,0.131279712
Q14653,IRF3,0,1,1,0,1,1,0,1,1
Q14657,LAGE3,0.044639044,0.567702107,1,0.065385614,0.635826855,1,0.094964675,0.472663175,0.855029847
Q14678,KANK1,,,,,,,,,
Q14690,PDCD11,0.087688757,0.427186791,1,0.493438175,0.02012378,0.145069975,0.585024969,0.007427547,0.053744611
Q14739,LBR,0.067434692,0.421565608,1,0.096931865,0.516521785,1,0.220780665,0.149509765,0.41548547
Q14767,LTBP2,0.192039075,0.243209792,1,1.668943718,1.70474E-05,0.002615073,1.488619421,6.22114E-05,0.002385807
Q14956,GPNMB,0.08258261,0.728534166,1,-0.353456553,0.407786198,0.906585547,-0.563417256,0.19366397,0.487017262
Q14974,KPNB1,0.28232531,0.233517871,1,0.817973365,0.082430642,0.372570587,0.959028922,0.039091701,0.171333342
Q14978,NOLC1,-4.17712E-17,0.999999986,1,-6.88093E-17,0.999999988,1,-1.01634E-16,0.999999981,1
Q14980,NUMA1,-0.273016311,0.006790057,0.306351403,-0.742674313,0.000275678,0.016558082,-0.958632696,2.1965E-05,0.001539203
Q15021,NCAPD2,0.251098345,0.701048176,1,1.587678989,0.207293442,0.638530401,1.927501771,0.131054223,0.383658737
Q15050,RRS1,-0.26084464,0.084209517,0.944868684,-0.204460249,0.454185792,0.959670807,-0.068766853,0.789127767,1
Q15067,ACOX1,0.032002961,0.806127348,1,0.530458996,0.035146628,0.211485401,0.627969936,0.015092992,0.087699428
Q15075,EEA1,-0.038037129,0.779928145,1,-0.773335784,0.004735644,0.063723489,-1.012595326,0.000533652,0.009772426
Q15113,PCOLCE,0.44584066,0.103426727,1,2.66419142,2.73917E-05,0.003133518,2.582134082,3.86925E-05,0.00196637
Q15149,PLEC,0.047486999,0.728013582,1,-0.301971921,0.225390816,0.657910322,-0.363599923,0.148326469,0.413696007
Q15238,PSG5,,,,,,,,,
Q15283,RASA2,0.061587287,0.641064978,1,0.275093045,0.253535381,0.694505847,-0.003676628,0.98818486,1
Q15366,PCBP2,0.13681741,0.19063357,1,0.521364769,0.009477297,0.096921156,0.770740778,0.000454518,0.008938849
Q15437,SEC23B,0.488081735,0.003442819,0.220053495,0.660468442,0.019783969,0.14451718,0.953189647,0.00165723,0.020501537
Q15582,TGFBI,-0.700591115,0.000106197,0.0162906,-0.311979076,0.212946057,0.645488118,-0.504374107,0.05301534,0.209099726
Q15643,TRIP11,0,1,1,0,1,1,0,1,1
Q15653,NFKBIB,0.263660602,0.197833703,1,1.173934097,0.004193126,0.058475049,1.347490569,0.001500322,0.018864703
Q15785,TOMM34,4.14427E-11,0.9999893,1,5.3173E-11,0.999992286,1,1.61366E-10,0.999976589,1
Q15813,TBCE,0,1,1,0,1,1,0,1,1
Q15833,STXBP2,0.774483944,0.003911194,0.230760421,1.653455495,0.001828688,0.040074392,1.997261993,0.000516764,0.009772426
Q15847,ADIRF,0.389938956,0.064265546,0.888058828,0.222690095,0.534777649,1,-0.059429498,0.867705177,1
Q15904,ATP6AP1,0.016305996,0.816161253,1,0.048118245,0.700931252,1,0.133537439,0.293099724,0.628174143
Q15942,ZYX,0.197101138,0.042921073,0.818502996,0.23412494,0.163821035,0.5711397,0.212795364,0.203695766,0.497723361
Q16222,UAP1,0.252968346,0.01005282,0.40581649,0.654844104,0.000749672,0.023958252,0.675882194,0.00057335,0.009772426
Q16540,MRPL23,-0.066439145,0.677652125,1,-0.11567878,0.691710333,1,-0.081136063,0.780553926,1
Q16563,SYPL1,0.003770431,0.879015721,1,0.011964426,0.786216944,1,0.012402712,0.778600968,1
Q16595,FXN,0.537266815,0.036525403,0.818502996,-0.576628725,0.146918017,0.538692722,-0.501154082,0.200523638,0.492953945
Q16610,ECM1,0.024430531,0.670384516,1,0.069730823,0.496876179,0.991936767,0.047662396,0.657681658,1
Q16643,DBN1,0.158617928,0.113752451,1,0.256022753,0.148966933,0.53991346,0.37717445,0.039354537,0.171505282
Q16666,IFI16,-1.93976E-10,0.999970052,1,-5.13583E-10,0.999955442,1,-4.48458E-10,0.999961092,1
Q16678,CYP1B1,0.007273649,0.953597481,1,-0.066045829,0.768351461,1,0.421308727,0.074651725,0.264110296
Q16718,NDUFA5,-0.045672197,0.610443282,1,-0.112680067,0.481320218,0.989738894,-0.165762544,0.303704502,0.643484401
Q16774,GUK1,-1.65357E-12,0.999998128,1,-4.38769E-12,0.999997208,1,-4.98405E-12,0.999996828,1
Q16795,NDUFA9,0.053769969,0.587833197,1,-0.24750391,0.171281057,0.579493739,-0.297883218,0.10371085,0.324678457
Q17RN3,FAM98C,,,,,,,,,
Q2M2I8,AAK1,,,,,,,,,
Q2M389,KIAA1033,0.012216325,0.770656023,1,0.012241955,0.869583791,1,0.036136889,0.628858335,1
Q2TAA2,IAH1,-0.006989595,0.952993212,1,-0.117130009,0.580394105,1,-0.252602058,0.240183019,0.55488065
Q2TAM9,TUSC1,0,1,1,0,1,1,0,1,1
Q32MZ4,LRRFIP1,0.052208835,0.682399792,1,0.406594344,0.085756285,0.378711979,0.616418119,0.013114607,0.080231954
Q38SD2,LRRK1,,,,,,,,,
Q3KQV9,UAP1L1,4.7837E-11,0.999992202,1,2.96744E-10,0.999972817,1,2.35185E-10,0.999978456,1
Q3ZCM7,TUBB8,-1.79306E-13,0.9999994,1,6.03762E-15,0.999999989,1,9.02017E-14,0.99999983,1
Q4G0N4,NADK2,-0.043072975,0.637337065,1,-0.223347582,0.184835254,0.603270808,-0.321115018,0.064105665,0.238934644
Q4G176,ACSF3,-0.168711282,0.159926873,1,-0.834795253,0.001014075,0.026820525,-1.280895009,1.63553E-05,0.001393837
Q4U2R6,MRPL51,-0.136418145,0.387382024,1,-0.114164795,0.715002896,1,-0.246618112,0.356029809,0.714855665
Q53F19,C17orf85,0.407827867,0.046243922,0.818502996,0.93272225,0.016467078,0.131399964,1.259561146,0.005904988,0.044842826
Q53GG5,PDLIM3,-2.69977E-08,0.999761077,1,-7.92427E-09,0.999960592,1,-7.53237E-08,0.999625405,1
Q53H82,LACTB2,0.02983769,0.846257808,1,-0.314545556,0.258914853,0.703529437,-0.26524118,0.338665703,0.690842005
Q53H96,PYCRL,-0.011830359,0.867484008,1,0.03182379,0.800951951,1,0.062468603,0.621462052,1
Q53LP3,SOWAHC,0.170449883,0.315277696,1,0.133012228,0.673780051,1,0.136337016,0.666163804,1
Q53S08;Q9H0N0,RAB6C,-8.41131E-09,0.999869672,1,-1.46783E-08,0.999874532,1,-1.30736E-08,0.999903742,1
Q53T59,HS1BP3,0,1,1,0,1,1,0,1,1
Q53TN4,CYBRD1,-0.21442248,0.601686914,1,-1.893810503,0.017609035,0.134192245,-2.538610781,0.002640221,0.028447364
Q562R1,ACTBL2,,,,,,,,,
Q56VL3,OCIAD2,-0.074722999,0.726367716,1,0.586206547,0.137801449,0.519453745,0.530558575,0.176571328,0.455993968
Q58FF6,HSP90AB4P,0,1,1,0,1,1,0,1,1
Q58FF8,HSP90AB2P,0,1,1,0,1,1,0,1,1
Q5BJD5,TMEM41B,0.24392208,0.45520519,1,-0.736299258,0.19163148,0.6098811,-1.08878653,0.079326738,0.270416037
Q5BJH7,YIF1B,0.302266242,0.05485622,0.876556683,0.933483485,0.002630617,0.049452954,1.106121084,0.000670675,0.011182774
Q5D862,FLG2,-0.256648226,0.105052655,1,-0.454174816,0.109238865,0.450463493,-0.209528661,0.52499343,0.915159002
Q5JTD0,TJAP1,0,1,1,0,1,1,0,1,1
Q5JTV8,TOR1AIP1,-0.363867144,0.008119533,0.345982304,-0.994052296,0.000288343,0.016558082,-1.045188602,0.000177806,0.004827311
Q5JTZ9,AARS2,0.235502147,0.194077844,1,-0.053797765,0.864346141,1,-0.401353794,0.214083678,0.51474038
Q5JVS0,HABP4,0.051273557,0.49924525,1,-0.023523483,0.861205714,1,0.002777112,0.983524871,1
Q5K651,SAMD9,-0.003656204,0.973492508,1,0.115295486,0.559055406,1,0.105702468,0.591908183,0.99778808
Q5QJE6,DNTTIP2,0.017584745,0.905386876,1,0.191241599,0.47872895,0.989717262,0.287673197,0.290739667,0.628161477
Q5RI15,COX20,0.046932009,0.63502602,1,-0.031135909,0.859672835,1,0.01024025,0.953614584,1
Q5T0D9,TPRG1L,-0.035302573,0.673805599,1,-0.096709731,0.500222073,0.991936767,0.002443433,0.98822534,1
Q5T1M5,FKBP15,0.279488446,0.044455851,0.818502996,1.034464057,0.000366998,0.016558082,1.129561924,0.000158809,0.004511362
Q5T681,C10orf62,,,,,,,,,
Q5T7V8,GORAB,-0.062053296,0.830552528,1,0.509331008,0.340801714,0.813114072,1.108427754,0.075066551,0.264110296
Q5T8D3,ACBD5,-0.005843346,0.93417126,1,-0.04788802,0.704129221,1,-0.056206899,0.65601304,1
Q5T9A4,ATAD3B,-0.267211512,0.423125402,1,-1.329473388,0.034276432,0.208650981,-1.392403485,0.027488237,0.130953278
Q5TBB1,RNASEH2B,0,1,1,0,1,1,0,1,1
Q5TC04,ATP1A1-AS1,,,,,,,,,
Q5TCZ1,SH3PXD2A,-6.30749E-12,0.999996646,1,-4.56306E-12,0.999998661,1,-1.35326E-11,0.99999603,1
Q5TEC6,HIST2H3PS2,-0.134513373,0.688215057,1,-1.16068535,0.06383434,0.317928173,-1.365208292,0.032158762,0.146820061
Q5TFE4,NT5DC1,0.046109794,0.709411376,1,0.086178632,0.696083771,1,0.190770112,0.391057761,0.763209422
Q5TGZ0,MINOS1,0,1,1,0,1,1,0,1,1
Q5THK1,PRR14L,,,,,,,,,
Q5TZA2,CROCC,0.357302138,0.195347452,1,-0.069223094,0.89032067,1,-0.053703968,0.914791736,1
Q5U5X0,LYRM7,-1.07505E-10,0.999989617,1,-4.53073E-10,0.99997661,1,-7.24347E-10,0.999960686,1
Q5VWJ9,SNX30,,,,,,,,,
Q5VYK3,ECM29,0.045912614,0.582782445,1,0.201029331,0.190246055,0.609342031,0.267414173,0.087763376,0.288903472
Q5XKP0,QIL1,-0.07919507,0.698992355,1,-1.232292298,0.003455611,0.050970264,-0.819547181,0.036327987,0.162944832
Q63HN8,RNF213,0.007408889,0.784367669,1,0.01461133,0.761789334,1,0.015746781,0.743950255,1
Q63HR2,TNS2,0,1,1,0,1,1,0,1,1
Q66LE6,PPP2R2D,-0.132822591,0.581473802,1,0.04483184,0.921593851,1,0.165395694,0.717316966,1
Q66PJ3,ARL6IP4,,,,,,,,,
Q68CZ2,TNS3,-0.182202762,0.320314698,1,0.067666556,0.83410494,1,-0.348497316,0.317205148,0.656399742
Q68DK2,ZFYVE26,,,,,,,,,
Q6BCY4,CYB5R2,-0.141048336,0.400896713,1,0.13315525,0.653671397,1,0.034175329,0.908092698,1
Q6EMK4,VASN,-1.174325583,1.98811E-07,0.000152488,-1.754856076,2.06085E-06,0.000395168,-1.357774404,4.50335E-05,0.00196637
Q6IA69,NADSYN1,0.059484149,0.647190829,1,0.387725387,0.105850828,0.440788871,0.330398195,0.163994473,0.44134653
Q6JQN1,ACAD10,0,1,1,0,1,1,0,1,1
Q6NTF9,RHBDD2,,,,,,,,,
Q6NUK1,SLC25A24,-0.066549449,0.544358351,1,-0.548757825,0.012502758,0.110593244,-0.696098378,0.002670417,0.028447364
Q6P1X6,C8orf82,-0.028902688,0.766967565,1,-0.153648641,0.379669371,0.874493716,-0.132597789,0.446889314,0.831951709
Q6P996,PDXDC1,0.047512262,0.533754291,1,0.155950551,0.259823526,0.703529437,0.112894602,0.410392706,0.7849656
Q6P9B6,TLDC1,0.092160094,0.407402965,1,0.286535461,0.157914034,0.553113596,0.484968125,0.023226618,0.114934297
Q6PI48,DARS2,-0.026989856,0.841443418,1,-0.107745033,0.654287524,1,-0.162519178,0.500827346,0.891263514
Q6QNY1,BLOC1S2,,,,,,,,,
Q6RW13,AGTRAP,0,1,1,0,1,1,0,1,1
Q6S8J3;P0CG38;P0CG39;Q9BYX7,POTEE;POTEI;POTEJ;POTEKP,,,,,,,,,
Q6UB35,MTHFD1L,-0.027155992,0.73287187,1,-0.328143742,0.033363009,0.205727089,-0.265635175,0.077347354,0.266476784
Q6UW63,KDELC1,0.101124295,0.477607434,1,0.783376927,0.006909211,0.079940969,0.938564425,0.001959227,0.022768595
Q6UWF9,FAM180A,0.234652533,0.205523687,1,0.641347156,0.066024789,0.322554223,1.075393868,0.004718425,0.038500344
Q6UWJ1,TMCO3,-0.491698167,0.183556244,1,-1.223045244,0.072982862,0.347688539,-1.004641082,0.116315204,0.354022864
Q6UX65,DRAM2,,,,,,,,,
Q6UXV4,APOOL,-0.122286046,0.166000646,1,-0.522245615,0.003113396,0.049749476,-0.684905939,0.000320271,0.007018506
Q6WCQ1,MPRIP,0.013423065,0.83590756,1,-0.030169156,0.794166876,1,-0.057846524,0.617787581,1
Q6XQN6,NAPRT,0,1,1,0,1,1,0,1,1
Q6YHK3,CD109,-0.346732852,0.032473257,0.800563758,-0.715268382,0.01575719,0.128571968,-0.875533889,0.00448155,0.037773068
Q6ZSR9,,0.096014555,0.392136398,1,0.390719569,0.062490766,0.313270705,0.565670118,0.010451006,0.067746667
Q6ZUX7,LHFPL2,-0.048539795,0.680665948,1,-0.206841762,0.329269351,0.801011922,-0.191646399,0.36521851,0.727432589
Q6ZW31,SYDE1,,,,,,,,,
Q6ZWT7,MBOAT2,-0.207114735,0.452777776,1,0.663089467,0.174323952,0.582433559,0.903939466,0.070632387,0.256753747
Q71UM5,RPS27L,0,1,1,0,1,1,0,1,1
Q7KYR7,BTN2A1,-0.167579955,0.344629099,1,0.190751794,0.551152289,1,0.272634865,0.419288629,0.796025688
Q7L4S7,ARMCX6,0,1,1,0,1,1,0,1,1
Q7L775,EPM2AIP1,-0.230480965,0.350725184,1,-0.297367905,0.525661797,1,-0.159301287,0.732420345,1
Q7L8L6,FASTKD5,,,,,,,,,
Q7Z2E3,APTX,0,1,1,0,1,1,0,1,1
Q7Z2W9,MRPL21,-0.063681734,0.650869706,1,-0.246481426,0.329515987,0.801011922,-0.214708101,0.394314584,0.767612401
Q7Z2X4,PID1,-0.238528343,0.263467898,1,0.147308777,0.686794961,1,-0.527808168,0.162681996,0.440908447
Q7Z3D6,C14orf159,,,,,,,,,
Q7Z406,MYH14,0,1,1,0,1,1,0,1,1
Q7Z434,MAVS,-0.104655203,0.185259371,1,-0.433317926,0.006354817,0.077016872,-0.500230489,0.002372634,0.025997286
Q7Z4R8,C6orf120,0,1,1,0,1,1,0,1,1
Q7Z5L9,IRF2BP2,-0.139727499,0.213631914,1,-0.314349496,0.125572843,0.487527415,-0.622868686,0.005974948,0.044929269
Q7Z5R6,APBB1IP,0.103072052,0.376747123,1,0.311914875,0.143087132,0.532756459,0.245968168,0.242402422,0.554993009
Q7Z6M1,RABEPK,0.155016541,0.241607919,1,0.666630055,0.010229914,0.09932081,0.843462624,0.002051256,0.023482283
Q7Z7N9,TMEM179B,,,,,,,,,
Q86SQ0,PHLDB2,0.015964832,0.941609927,1,0.281962541,0.489526563,0.991936767,0.299325496,0.463576597,0.848322444
Q86SR1,GALNT10,,,,,,,,,
Q86SX6,GLRX5,0.006410474,0.919738396,1,-0.026363413,0.836129185,1,-0.017165386,0.89372404,1
Q86UY8,NT5DC3,0.138855266,0.424740826,1,0.526134855,0.104566068,0.438263248,0.448593825,0.13694557,0.391930046
Q86V21,AACS,0.401598842,0.074333565,0.890841322,1.741960593,0.000466605,0.019005638,1.706176319,0.000556769,0.009772426
Q86VI3,IQGAP3,-0.262260775,0.346485727,1,0.399034558,0.420117977,0.914881043,0.800640547,0.115864312,0.354022864
Q86VM9,ZC3H18,-0.31871853,0.018897222,0.569345727,-0.477251909,0.043672912,0.250610572,-0.566332593,0.019048089,0.099233334
Q86W92,PPFIBP1,-0.022506798,0.808685925,1,-0.548195885,0.004654324,0.063723489,-0.779435792,0.000283849,0.00643024
Q86WA6,BPHL,-6.15764E-12,0.999994221,1,-1.05697E-11,0.999994425,1,-1.05984E-11,0.99999441,1
Q86WC4,OSTM1,0,1,1,0,1,1,0,1,1
Q86WV6,TMEM173,0.056419819,0.49431178,1,-0.028178397,0.84784605,1,-0.061110556,0.677990057,1
Q86Y39,NDUFA11,-0.014823331,0.737550825,1,-0.035940113,0.648356982,1,-0.031718259,0.687172687,1
Q86Y79,PTRH1,-4.55289E-11,0.999993947,1,-4.41084E-11,0.999996705,1,-2.56418E-11,0.999998084,1
Q86YR5,GPSM1,0.101695729,0.576491105,1,0.205924556,0.530990533,1,0.172431495,0.599156378,1
Q86YZ3,HRNR,-0.102448084,0.597404934,1,-0.450213284,0.205428266,0.638530401,0.065630481,0.849724164,1
Q8IUI8,CRLF3,0,1,1,0,1,1,0,1,1
Q8IV20,LACC1,,,,,,,,,
Q8IV48,ERI1,0.011435351,0.911630521,1,0.075983553,0.679367264,1,0.092708049,0.614429932,1
Q8IVS2,MCAT,0,1,1,0,1,1,0,1,1
Q8IWA4,MFN1,0,1,1,0,1,1,0,1,1
Q8IWC1,MAP7D3,,,,,,,,,
Q8IWE5,PLEKHM2,0,1,1,0,1,1,0,1,1
Q8IWJ2,GCC2,0,1,1,0,1,1,0,1,1
Q8IWR0,ZC3H7A,0.023051857,0.904688297,1,0.201648867,0.557781084,1,0.349914616,0.313287409,0.654742498
Q8IWR1,TRIM59,,,,,,,,,
Q8IWU6,SULF1,,,,,,,,,
Q8IX01,SUGP2,,,,,,,,,
Q8IX04,UEVLD,0.328553378,0.087465028,0.944868684,1.03892987,0.004855987,0.06421624,1.083242446,0.003591933,0.032534306
Q8IY26,PPAPDC2,0.07773767,0.586430866,1,-0.072159171,0.775966793,1,0.04572648,0.856799513,1
Q8IY33,MICALL2,5.59162E-09,0.999864755,1,8.16408E-09,0.999889034,1,2.36257E-09,0.999967888,1
Q8IY67,RAVER1,-0.215845072,0.066150492,0.888058828,0.01902749,0.923786022,1,0.029788827,0.880972281,1
Q8IY95,TMEM192,-1.79766E-09,0.999929358,1,-2.71371E-09,0.999940073,1,-1.55469E-09,0.999965668,1
Q8IYD8,FANCM,-0.085545152,0.748640587,1,-0.41083676,0.467921024,0.972616328,-0.329338904,0.516242807,0.910248812
Q8IYM9,TRIM22,0,1,1,0,1,1,0,1,1
Q8IYU8,MICU2,-0.296649216,0.048021688,0.818502996,-0.611516087,0.025275556,0.16712372,-0.677616299,0.014709733,0.086787424
Q8IZ83,ALDH16A1,-0.074371897,0.407977356,1,-0.038444278,0.808537628,1,-0.034362672,0.828504759,1
Q8IZH2,XRN1,0.078749127,0.394460729,1,0.211865411,0.203258429,0.636323326,0.201747182,0.224787854,0.530499336
Q8N163,CCAR2,-0.005729507,0.912682474,1,-0.046112479,0.620958674,1,-0.025872101,0.780991381,1
Q8N2F6,ARMC10,0.001081888,0.994568267,1,-0.206978163,0.467514731,0.972616328,-0.313171992,0.276063235,0.607823267
Q8N2G8,GHDC,-0.005343319,0.94656739,1,0.038673141,0.774105875,1,0.019306291,0.891608274,1
Q8N2H3,PYROXD2,,,,,,,,,
Q8N2U0,TMEM256,,,,,,,,,
Q8N357,SLC35F6,0,1,1,0,1,1,0,1,1
Q8N3C0,ASCC3,0.033014816,0.758521672,1,0.324902554,0.101303793,0.429281817,0.332870251,0.093783597,0.298473108
Q8N3V7,SYNPO,,,,,,,,,
Q8N4C8,MINK1,0,1,1,0,1,1,0,1,1
Q8N573,OXR1,0.000952703,0.989380773,1,0.000885661,0.994452319,1,-0.042163584,0.74096197,1
Q8N5N7,MRPL50,8.20289E-17,0.999999988,1,2.4002E-17,0.999999998,1,5.48705E-17,0.999999995,1
Q8N6L1,KRTCAP2,0.112444644,0.21688209,1,0.175325222,0.277186014,0.738200253,0.202941064,0.210659212,0.509702258
Q8N6S5,ARL6IP6,-0.522116642,0.000621034,0.047633291,-0.743098371,0.005354578,0.067327229,-1.260306098,3.14199E-05,0.00172136
Q8N6T7,SIRT6,-0.145572822,0.405785133,1,0.053270092,0.865637563,1,0.107267958,0.733638305,1
Q8N755,PQLC3,0.062561704,0.549183235,1,0.454185094,0.023509844,0.156800434,0.487576076,0.016144276,0.08782028
Q8N8A6,DDX51,-2.85911E-09,0.9999297,1,-1.97648E-09,0.999974023,1,-2.65855E-09,0.999963266,1
Q8N9N7,LRRC57,0.064394325,0.776915273,1,-0.158751158,0.694986423,1,-0.045619529,0.914466257,1
Q8N9N8,EIF1AD,,,,,,,,,
Q8NAN2,FAM73A,,,,,,,,,
Q8NB16,MLKL,-0.169137982,0.274279192,1,-0.542461289,0.057317827,0.295052168,-0.385005988,0.166446867,0.442695616
Q8NB37,PDDC1,-2.20458E-10,0.999986341,1,-7.81652E-10,0.999972682,1,-1.28614E-09,0.999960157,1
Q8NBM4,UBAC2,0.170038435,0.173093272,1,0.322252631,0.151332058,0.542391068,0.565172843,0.019148023,0.099233334
Q8NBN7,RDH13,-0.131269246,0.180437935,1,-0.454449789,0.01456437,0.124120802,-0.727947272,0.000424074,0.008790942
Q8NBZ7,UXS1,0.165309429,0.237835467,1,0.359520835,0.134300494,0.509942965,0.40096873,0.112958154,0.347947407
Q8NCC3,PLA2G15,-0.028690994,0.825235198,1,-0.082747006,0.72072646,1,-0.313074928,0.186071969,0.474143523
Q8NCL9,APCDD1L,-0.037703042,0.771651398,1,0.719634799,0.007075188,0.079940969,0.28029244,0.241445213,0.554993009
Q8ND24,RNF214,,,,,,,,,
Q8ND94,LRRN4CL,-0.124458955,0.56680132,1,-0.407893493,0.296677655,0.763596516,-0.276789123,0.496761808,0.886084434
Q8NDA8,MROH1,0,1,1,0,1,1,0,1,1
Q8NDI1,EHBP1,-0.13580028,0.442945242,1,-0.020733834,0.947312541,1,0.027176617,0.930979907,1
Q8NEU8,APPL2,0.056699413,0.507204784,1,-0.430257746,0.012236985,0.110593244,-0.616054505,0.00103651,0.014196482
Q8NFJ5,GPRC5A,3.71019E-12,0.999997554,1,4.3689E-12,0.999998476,1,-3.5903E-12,0.999998747,1
Q8NHM4,PRSS3P2,,,,,,,,,
Q8TAD7,OCC1,1.14677E-10,0.999983262,1,1.63749E-10,0.999986685,1,1.3681E-10,0.999989063,1
Q8TCD5,NT5C,0.112754955,0.591585094,1,0.445681519,0.217449634,0.651499488,0.398133439,0.268581035,0.597123022
Q8TCT8,SPPL2A,-0.038899669,0.798384889,1,0.126429355,0.641486501,1,0.212316353,0.436572403,0.820713316
Q8TCT9,HM13,0,1,1,0,1,1,0,1,1
Q8TCU4,ALMS1,-0.005123124,0.912667539,1,-0.012414651,0.887044567,1,0.002016036,0.981592233,1
Q8TCZ2,CD99L2,-7.14791E-13,0.999999363,1,-6.54302E-13,0.999999678,1,1.78912E-12,0.999999121,1
Q8TD43,TRPM4,9.77605E-10,0.999945394,1,2.05975E-09,0.999935347,1,3.01986E-09,0.999905211,1
Q8TD55,PLEKHO2,0.266599507,0.084737497,0.944868684,0.174090282,0.511271434,0.99529236,0.219980224,0.4084662,0.783233939
Q8TDB6,DTX3L,-0.016520104,0.912378424,1,0.300563702,0.300475348,0.768518088,0.476311063,0.141752051,0.401194919
Q8TEB9,RHBDD1,0.102638239,0.319597746,1,0.209655588,0.279987836,0.743081904,0.219685819,0.234996032,0.54951816
Q8TF65,GIPC2,-0.12684726,0.631874061,1,0.119575789,0.787896887,1,0.452738782,0.317502352,0.656399742
Q8TF74,WIPF2,,,,,,,,,
Q8WTW3,COG1,0.007633878,0.957712029,1,0.375214417,0.155699318,0.551938753,0.483436954,0.072493909,0.260899977
Q8WU10,PYROXD1,5.51691E-09,0.999937495,1,2.06339E-08,0.999861115,1,2.88285E-08,0.999805958,1
Q8WUH2,TGFBRAP1,,,,,,,,,
Q8WUY3,PRUNE2,0.355871329,0.018161436,0.569345727,0.25702301,0.309997516,0.789927225,0.686824344,0.016103557,0.08782028
Q8WVQ1,CANT1,,,,,,,,,
Q8WVT3,TRAPPC12,1.69325E-20,1,1,8.50123E-21,1,1,3.99934E-20,1,1
Q8WWH5,TRUB1,,,,,,,,,
Q8WWI1,LMO7,0.113624213,0.392716623,1,-0.106651186,0.651403973,1,-0.084894802,0.718793529,1
Q8WWQ0,PHIP,-0.329602715,0.22400814,1,-0.639026094,0.208368635,0.639274973,-0.804133005,0.101809551,0.320197468
Q8WWV3,RTN4IP1,-0.020056107,0.837281351,1,-0.020141245,0.907860856,1,-0.117976747,0.549327932,0.944696243
Q8WX93,PALLD,0.15388976,0.148618578,1,0.337905267,0.082578652,0.372570587,0.640529819,0.003099633,0.029578603
Q8WXA3,RUFY2,0,1,1,0,1,1,0,1,1
Q8WXD5,GEMIN6,,,,,,,,,
Q8WZ82,OVCA2,,,,,,,,,
Q8WZA9,IRGQ,0.043485615,0.794219547,1,0.727380066,0.02315931,0.155817465,0.833771505,0.010794866,0.068997186
Q92536,SLC7A6,0.076707383,0.72275127,1,0.392112077,0.318021262,0.800707351,0.84428955,0.042046412,0.178174576
Q92542,NCSTN,0.033825018,0.684021505,1,0.118834201,0.424947357,0.915546694,0.29794523,0.055651037,0.214494198
Q92604,LPGAT1,0,1,1,0,1,1,0,1,1
Q92615,LARP4B,0.04730804,0.690930946,1,0.471306256,0.036432373,0.216617289,0.448005486,0.04551209,0.187676198
Q92692,PVRL2,-0.338906827,0.184952108,1,-0.237213366,0.592275168,1,-0.157661768,0.721086632,1
Q92820,GGH,-0.032962483,0.675708525,1,-0.017752441,0.899806871,1,0.205438757,0.158945933,0.433848862
Q92922,SMARCC1,0.309337481,0.335072901,1,0.724627856,0.196890392,0.62146062,0.771776447,0.170603647,0.448126704
Q92934,BAD,0,1,1,0,1,1,0,1,1
Q93096,PTP4A1,,,,,,,,,
Q969E2,SCAMP4,,,,,,,,,
Q969S3,ZNF622,0.072368625,0.477088419,1,0.100601679,0.577576322,1,0.392655606,0.039733435,0.172178218
Q969V3,NCLN,-2.30203E-11,0.999989789,1,-5.40791E-11,0.99998652,1,-5.07254E-11,0.999987356,1
Q969X1,TMBIM1,-0.051841348,0.684807298,1,-0.361279621,0.125087864,0.487527415,-0.234556304,0.309662792,0.650716059
Q969Z0,TBRG4,0.01547746,0.830844911,1,-0.035936933,0.780607364,1,-0.021818417,0.865633976,1
Q969Z3,Mar-02,0,1,1,0,1,1,0,1,1
Q96A35,MRPL24,-2.90282E-13,0.999999618,1,-2.73648E-12,0.999997978,1,-1.41927E-12,0.999998951,1
Q96A73,KIAA1191,0,1,1,0,1,1,0,1,1
Q96AA3,RFT1,-0.01706319,0.756961187,1,0.00041657,0.996608583,1,-0.009018033,0.926692164,1
Q96AB3,ISOC2,0.043078898,0.817229677,1,-0.100266028,0.762557864,1,-0.235306238,0.480712097,0.867543949
Q96AE4,FUBP1,-0.056318847,0.804823405,1,-0.27831363,0.494859743,0.991936767,-0.394594181,0.336067012,0.687369062
Q96AM1,MRGPRF,-0.034675119,0.841283463,1,-0.285356988,0.359733491,0.842123717,-0.477131032,0.133270939,0.387073712
Q96BN8,OTULIN,1.24268E-13,0.999999389,1,1.43086E-13,0.999999605,1,3.37421E-13,0.999999068,1
Q96BW5,PTER,0.095867123,0.369075061,1,0.124132357,0.511185242,0.99529236,-0.078416091,0.6770274,1
Q96BW9,TAMM41,0,1,1,0,1,1,0,1,1
Q96C23,GALM,0.034188856,0.669320908,1,-0.064099686,0.655477899,1,-0.098233656,0.496028789,0.886084434
Q96C36,PYCR2,0.060512904,0.541884017,1,-0.019253132,0.912849004,1,-0.098451376,0.577402941,0.984151236
Q96CD0,FBXL8,0,1,1,0,1,1,0,1,1
Q96CM8,ACSF2,0,1,1,0,1,1,0,1,1
Q96DE0,NUDT16,-0.252693377,0.128625472,1,-0.24165296,0.403235259,0.906585547,-0.210635165,0.465206703,0.848322444
Q96DG6,CMBL,0.194055676,0.156073936,1,0.019344704,0.934842474,1,-0.069661943,0.76870299,1
Q96DI7,SNRNP40,-0.109390195,0.408133636,1,0.158480697,0.501788091,0.991936767,0.204148246,0.389162019,0.761447113
Q96E39,RBMXL1,-0.165240165,0.265832088,1,-0.412167934,0.124661322,0.487527415,-0.552594007,0.044406782,0.184621879
Q96EM0,L3HYPDH,0.07347788,0.458515998,1,0.207276202,0.246654513,0.687304339,0.215191589,0.229752601,0.538899833
Q96EY4,TMA16,0,1,1,0,1,1,0,1,1
Q96G28,CFAP36,1.14233E-12,0.999998715,1,5.52816E-12,0.999996505,1,3.52851E-12,0.999997769,1
Q96GE9,TMEM261,,,,,,,,,
Q96GM8,TOE1,,,,,,,,,
Q96GX9,APIP,-3.57869E-17,0.999999993,1,-5.00996E-17,0.999999994,1,-6.74518E-17,0.999999992,1
Q96H79,ZC3HAV1L,0.069479152,0.546405863,1,0.369139878,0.083063325,0.372570587,0.479860637,0.028264869,0.132189967
Q96HC4,PDLIM5,0.126537809,0.476485744,1,-0.356783994,0.264378463,0.711502742,-0.500367516,0.123612617,0.37180736
Q96HV5,TMEM41A,0.229705291,0.396521913,1,-0.405599746,0.423034603,0.914897966,-0.099664016,0.83455447,1
Q96JB6,LOXL4,,,,,,,,,
Q96JM3,CHAMP1,-0.013550154,0.920812459,1,0.039128153,0.871872225,1,0.046822326,0.854361543,1
Q96JP5,ZFP91,0.018162545,0.867952626,1,0.185907119,0.320415014,0.801011922,0.10338189,0.576092138,0.984103942
Q96JX3,SERAC1,,,,,,,,,
Q96K37,SLC35E1,0.053578125,0.608076729,1,0.390575187,0.049357011,0.272351276,0.62662834,0.003648584,0.032540275
Q96KG9,SCYL1,0.041132445,0.471163429,1,0.083783065,0.411039672,0.909770947,0.088789668,0.384178364,0.753618428
Q96LW7,C9orf89,-0.043686682,0.730593931,1,-0.35643291,0.12650011,0.487565749,-0.527606821,0.029185964,0.134853217
Q96ME1,FBXL18,-0.219604018,0.116619516,1,-0.220867957,0.364880167,0.848069964,-0.205297427,0.398988786,0.772788885
Q96N66,MBOAT7,0.142753242,0.327814938,1,0.177213555,0.493843066,0.991936767,0.012726647,0.960516438,1
Q96PE7,MCEE,-0.054784031,0.689552525,1,-0.194240009,0.433727249,0.929242459,-0.401183784,0.117855766,0.357293961
Q96Q45,TMEM237,,,,,,,,,
Q96QD9,FYTTD1,-0.158665699,0.171652492,1,-0.682532136,0.003015342,0.049749476,-0.685483105,0.00291888,0.029457641
Q96S19,C16orf13,0.1439165,0.485821101,1,-0.052904532,0.884762798,1,-0.410146242,0.2693671,0.597123022
Q96SZ5,ADO,0,1,1,0,1,1,0,1,1
Q96T83,SLC9A7,,,,,,,,,
Q99519,NEU1,0.323114309,0.114683645,1,0.800644065,0.033527883,0.205727089,1.002658724,0.010053398,0.066713315
Q99538,LGMN,0.044141932,0.791073153,1,0.421196026,0.167212295,0.575225701,0.406582252,0.181650237,0.467536011
Q99567,NUP88,-0.054559548,0.378281936,1,-0.067975115,0.536530239,1,-0.03640884,0.73960029,1
Q99650,OSMR,-0.028328198,0.759198953,1,-0.0926235,0.575001132,1,-0.12273038,0.458952258,0.844163986
Q99685,MGLL,0.181875938,0.206345734,1,-0.248759268,0.329150694,0.801011922,-0.094902229,0.705922759,1
Q99714,HSD17B10,-0.042575728,0.701433832,1,-0.088480358,0.656758393,1,-0.175429731,0.382671276,0.753528437
Q99735,MGST2,0.165554881,0.22641794,1,0.310744952,0.228248236,0.663130292,0.31773501,0.218497911,0.522080679
Q99973,TEP1,,,,,,,,,
Q9BQ61,C19orf43,-0.486468543,0.018218254,0.569345727,-1.095784925,0.004074678,0.057875523,-0.690302182,0.053132573,0.209099726
Q9BQA9,C17orf62,-0.027403909,0.804075836,1,-0.018337482,0.92569727,1,-0.057915352,0.768578614,1
Q9BQC6,MRPL57,,,,,,,,,
Q9BQE3,TUBA1C,0.159231461,0.345274021,1,0.378337438,0.21300275,0.645488118,0.491245663,0.110965964,0.34457852
Q9BQE4,VIMP,,,,,,,,,
Q9BQE5,APOL2,0.076232531,0.689748998,1,-0.68244513,0.058907829,0.301215366,-0.482414249,0.169664823,0.448126704
Q9BRJ6,C7orf50,0,1,1,0,1,1,0,1,1
Q9BRN9,TM2D3,,,,,,,,,
Q9BRQ6,CHCHD6,0.065327795,0.53301484,1,0.164042959,0.385153347,0.878207457,-0.128921356,0.492784599,0.883097634
Q9BRZ2,TRIM56,0,1,1,0,1,1,0,1,1
Q9BS40,LXN,0.039023672,0.751618298,1,-0.108130704,0.626923898,1,-0.584135763,0.017532657,0.092723292
Q9BSF4,C19orf52,0,1,1,0,1,1,0,1,1
Q9BSJ8,ESYT1,0,1,1,0,1,1,0,1,1
Q9BT67,NDFIP1,,,,,,,,,
Q9BTM9,URM1,,,,,,,,,
Q9BTY2,FUCA2,0.128689413,0.451642389,1,0.404452157,0.1903866,0.609342031,0.430324691,0.164759171,0.441854141
Q9BU61,NDUFAF3,0.049103556,0.680857554,1,-0.295742892,0.179883383,0.594700666,-0.137963618,0.521633638,0.913454338
Q9BUB7,TMEM70,-0.089391106,0.405776965,1,-0.286649148,0.144898864,0.534314561,-0.27194102,0.165343908,0.441877274
Q9BUF5,TUBB6,0,1,1,0,1,1,0,1,1
Q9BV38,WDR18,0,1,1,0,1,1,0,1,1
Q9BV79,MECR,-0.069686981,0.728293205,1,-1.286529703,0.002227204,0.043801688,-1.180523087,0.004175523,0.035984564
Q9BV86,NTMT1,-0.040935236,0.874928504,1,0.244843748,0.598043198,1,0.556858268,0.237714233,0.552505505
Q9BVC6,TMEM109,0,1,1,0,1,1,0,1,1
Q9BVI4,NOC4L,-0.131590041,0.313012698,1,0.133237986,0.562179062,1,0.167918665,0.466321324,0.848322444
Q9BVJ6,UTP14A,0.349391723,0.07769833,0.902948774,0.839527237,0.015547899,0.128571968,1.017296668,0.004944819,0.03992291
Q9BVP2,GNL3,-2.34343E-10,0.999957571,1,-3.43822E-10,0.999965018,1,-2.87437E-10,0.999970755,1
Q9BW60,ELOVL1,-4.80276E-08,0.999517301,1,-9.23283E-08,0.999478543,1,-5.46894E-08,0.999691122,1
Q9BW83,IFT27,0.106212807,0.464563187,1,0.362791285,0.170231996,0.579493739,0.284847858,0.276571474,0.607823267
Q9BX95,SGPP1,0.004949851,0.942483293,1,0.014881888,0.902990991,1,0.025641838,0.833716952,1
Q9BXK5,BCL2L13,5.26956E-14,0.999999806,1,8.33579E-14,0.999999828,1,-1.53522E-14,0.999999968,1
Q9BXR0,QTRT1,-0.055743995,0.649161372,1,0.029657167,0.892002563,1,0.183608376,0.405491681,0.779478995
Q9BXT8,RNF17,,,,,,,,,
Q9BY43,CHMP4A,0.007215222,0.965073221,1,0.589498099,0.056528714,0.29494914,0.470567299,0.121123769,0.365755632
Q9BYC9,MRPL20,,,,,,,,,
Q9BYD6,MRPL1,-1.54036E-12,0.999997894,1,-1.79147E-12,0.999998624,1,2.45359E-13,0.999999812,1
Q9BYG3,NIFK,0.008177685,0.921227595,1,0.098081713,0.507508088,0.99529236,0.152667962,0.306185429,0.64517644
Q9BYN8,MRPS26,-0.112778219,0.644155187,1,-0.80856965,0.075299917,0.356512572,-1.100493681,0.019533787,0.100553118
Q9BYT8,NLN,-0.001205269,0.961476648,1,0.007302902,0.869518181,1,0.005038301,0.909750854,1
Q9BZE9,ASPSCR1,-0.310956535,0.040303093,0.818502996,-0.642057397,0.018916768,0.139511163,-0.662200389,0.016054231,0.08782028
Q9C035,TRIM5,,,,,,,,,
Q9C0B5,ZDHHC5,,,,,,,,,
Q9GZQ3,COMMD5,0,1,1,0,1,1,0,1,1
Q9GZT4,SRR,4.65573E-11,0.999988065,1,5.38619E-11,0.999992241,1,4.62189E-11,0.999993342,1
Q9GZZ9,UBA5,0,1,1,0,1,1,0,1,1
Q9H061,TMEM126A,-0.122130682,0.57685109,1,-0.497139867,0.212427178,0.645488118,-0.596095187,0.186892442,0.474657295
Q9H0A0,NAT10,0.173961462,0.174825342,1,0.034626828,0.882391275,1,-0.001090601,0.996081923,1
Q9H0U6,MRPL18,-0.029308141,0.787116489,1,-0.208698405,0.290603307,0.757361507,-0.279605737,0.162559968,0.440908447
Q9H0X4,ITFG3,0,1,1,0,1,1,0,1,1
Q9H1J7,WNT5B,,,,,,,,,
Q9H223,EHD4,0.057575972,0.409230295,1,0.06546174,0.596363386,1,0.017593481,0.88642082,1
Q9H270,VPS11,6.58175E-23,1,1,4.7938E-23,1,1,3.51857E-22,1,1
Q9H2D6,TRIOBP,0.06459044,0.464221772,1,-0.107113968,0.497654183,0.991936767,-0.214442915,0.184223717,0.470998636
Q9H2K0,MTIF3,-0.134726132,0.297306542,1,-0.861962127,0.002956559,0.049749476,-0.496770399,0.054917349,0.212735386
Q9H2V7,SPNS1,-4.27466E-13,0.999998774,1,-9.19047E-13,0.999998513,1,-6.40567E-13,0.999998964,1
Q9H479,FN3K,0.041110707,0.786271669,1,-0.163678579,0.609241238,1,-0.134965455,0.638557631,1
Q9H4A4,RNPEP,0,1,1,0,1,1,0,1,1
Q9H4M9,EHD1,0.049435965,0.524442408,1,-0.415443414,0.006931007,0.079940969,-0.356642824,0.017354881,0.092438843
Q9H583,HEATR1,0.034013952,0.777609538,1,0.212104352,0.328213865,0.801011922,0.382128476,0.086712004,0.287913882
Q9H5K3,POMK,0,1,1,0,1,1,0,1,1
Q9H6F5,CCDC86,0,1,1,0,1,1,0,1,1
Q9H6L2,TMEM231,0.390278915,0.059212533,0.888058828,0.298115536,0.395643979,0.89515909,1.700672056,0.002966323,0.029510134
Q9H6N6,MYH16,,,,,,,,,
Q9H6S3,EPS8L2,-0.03158933,0.73751807,1,0.219138144,0.206602365,0.638530401,0.354963833,0.049383311,0.200407403
Q9H788,SH2D4A,2.37379E-10,0.999989756,1,-5.17955E-10,0.999987439,1,-1.78979E-09,0.999956596,1
Q9H7B4,SMYD3,-1.560685527,0.000176734,0.019364997,-0.369284039,0.378159158,0.873638777,-0.365272602,0.383150052,0.753528437
Q9H7C4,SYNC,0.026969454,0.816023651,1,0.279304078,0.19066765,0.609342031,0.292330735,0.171905802,0.449082538
Q9H7C9,AAMDC,0.192148856,0.188533848,1,-0.110921744,0.6632334,1,-0.265140586,0.304684682,0.643782786
Q9H7E9,C8orf33,,,,,,,,,
Q9H814,PHAX,-0.038052872,0.813021081,1,-0.058100878,0.840770078,1,0.214321411,0.44200347,0.824858057
Q9H8H3,METTL7A,-0.084450925,0.548729127,1,-0.255966267,0.314173384,0.79791717,-0.311755869,0.223592334,0.530004518
Q9H974,QTRTD1,,,,,,,,,
Q9H993,ARMT1,0.142005383,0.291941328,1,0.282646219,0.240155564,0.674722774,0.385208225,0.114676566,0.351827705
Q9H9B4,SFXN1,-0.023076251,0.886732541,1,-0.486915284,0.104133541,0.438263248,-0.75166613,0.016647405,0.089919434
Q9HA64,FN3KRP,0.128846031,0.311583283,1,-0.015440629,0.944873587,1,0.062108605,0.781130454,1
Q9HA77,CARS2,0.141013692,0.261828886,1,-0.258226027,0.252720475,0.694505847,-0.293722359,0.196121943,0.489985441
Q9HAT2,SIAE,-0.058212584,0.486181233,1,-0.209491899,0.167077413,0.575225701,-0.157658785,0.293202534,0.628174143
Q9HB40,SCPEP1,-0.093111103,0.430513556,1,-0.296522192,0.168382886,0.576561042,-0.332140972,0.125511998,0.3745825
Q9HB71,CACYBP,1.03765E-13,0.999999541,1,2.13129E-13,0.99999947,1,1.00275E-13,0.999999751,1
Q9HBG6,IFT122,0,1,1,0,1,1,0,1,1
Q9HBK9,AS3MT,0,1,1,0,1,1,0,1,1
Q9HBL7,PLGRKT,0.026334312,0.827068916,1,-0.038346833,0.858827962,1,-0.183214569,0.400451842,0.773668924
Q9HBL8,NMRAL1,0,1,1,0,1,1,0,1,1
Q9HC35,EML4,0,1,1,0,1,1,0,1,1
Q9HCD5,NCOA5,-0.07852893,0.612617359,1,0.093121711,0.721908522,1,0.432949439,0.110622725,0.34457852
Q9HCE0,EPG5,0.199284677,0.256995038,1,0.685595171,0.037649904,0.220438753,0.900278505,0.008857363,0.060657119
Q9HCN4,GPN1,,,,,,,,,
Q9HD15,SRA1,0.416101828,0.015101176,0.526481924,1.250163712,0.000357939,0.016558082,1.460562381,8.07357E-05,0.00281474
Q9HD33,MRPL47,-1.28722E-18,0.999999997,1,-1.62703E-18,0.999999998,1,-2.35039E-18,0.999999997,1
Q9HD34,LYRM4,-0.150366779,0.378076769,1,-1.11728599,0.00152236,0.034342647,-1.474651664,0.000115764,0.003699612
Q9NNW7,TXNRD2,-0.217545403,0.373491418,1,-0.704962111,0.113881703,0.462547131,-1.233798206,0.00939466,0.063767291
Q9NP92,MRPS30,0,1,1,0,1,1,0,1,1
Q9NPJ3,ACOT13,-0.089360436,0.505340665,1,-1.177199647,0.00011047,0.009414487,-1.575577933,4.00437E-06,0.000499595
Q9NQ50,MRPL40,,,,,,,,,
Q9NQ55,PPAN,0,1,1,0,1,1,0,1,1
Q9NQE9,HINT3,-0.024771856,0.806133692,1,-0.600276904,0.003414037,0.050970264,-0.52784006,0.008260693,0.058127995
Q9NQR4,NIT2,-0.092221579,0.338088721,1,0.026553404,0.875754808,1,-0.191202537,0.269281682,0.597123022
Q9NQW6,ANLN,1.06041198,0.075760028,0.893968329,3.155439376,0.010147995,0.09932081,3.440252351,0.005562488,0.043521081
Q9NR12,PDLIM7,0.043989799,0.643156239,1,0.216271801,0.213760081,0.645488118,0.269629478,0.126096099,0.374867085
Q9NR28,DIABLO,,,,,,,,,
Q9NRA2,SLC17A5,-0.001107269,0.994606833,1,-0.556732293,0.128880509,0.494256752,-0.760989267,0.046113086,0.189137633
Q9NRG7,SDR39U1,,,,,,,,,
Q9NRW3,APOBEC3C,,,,,,,,,
Q9NSU2,TREX1,-0.171147627,0.391485805,1,-0.606695717,0.098159898,0.422969895,-0.766935521,0.040821151,0.173943458
Q9NUJ3,TCP11L1,0.036319586,0.825596123,1,0.294850016,0.328405758,0.801011922,0.339806431,0.244246547,0.555896443
Q9NUL5,C19orf66,-0.261679456,0.056196358,0.879645039,-0.224601692,0.337521705,0.813114072,-0.326272086,0.170288491,0.448126704
Q9NUP1,BLOC1S4,-0.149443951,0.503103827,1,0.285627513,0.464603206,0.972616328,0.287579644,0.461614484,0.847029448
Q9NUQ2,AGPAT5,,,,,,,,,
Q9NUU7,DDX19A,,,,,,,,,
Q9NVI7,ATAD3A,-0.023195106,0.775813073,1,-0.369663903,0.022013438,0.152465014,-0.438228003,0.008570943,0.059224443
Q9NVP1,DDX18,0.051267337,0.586827118,1,0.25152056,0.147490837,0.538692722,0.31802718,0.072165741,0.260899977
Q9NVS2,MRPS18A,0,1,1,0,1,1,0,1,1
Q9NVX2,NLE1,,,,,,,,,
Q9NWR8,CCDC109B,-7.52508E-14,0.999999543,1,-8.07589E-14,0.999999724,1,-1.43391E-13,0.99999951,1
Q9NWS0,PIH1D1,0.366249481,0.011745698,0.450447508,0.905898811,0.00117842,0.029156386,0.907498149,0.001161251,0.015356539
Q9NWS8,RMND1,0,1,1,0,1,1,0,1,1
Q9NWT1,PAK1IP1,0,1,1,0,1,1,0,1,1
Q9NWU1,OXSM,,,,,,,,,
Q9NWW5,CLN6,0.433066066,0.07080078,0.888058828,1.379723579,0.00345164,0.050970264,1.349920427,0.004025147,0.035082817
Q9NWX6,THG1L,4.78889E-16,0.999999952,1,8.84082E-16,0.999999951,1,7.24177E-16,0.99999996,1
Q9NWY4,C4orf27,,,,,,,,,
Q9NX08,COMMD8,0,1,1,0,1,1,0,1,1
Q9NX14,NDUFB11,0.029673545,0.807253011,1,-0.02744571,0.899445604,1,0.117831803,0.608578076,1
Q9NXA8,SIRT5,0,1,1,0,1,1,0,1,1
Q9NXC5,MIOS,2.65361E-16,0.99999999,1,1.29873E-15,0.999999973,1,1.77464E-15,0.999999963,1
Q9NXF1,TEX10,-0.0891491,0.449683615,1,0.053765017,0.796424937,1,0.156944599,0.454473638,0.839954892
Q9NYP7,ELOVL5,0.168526245,0.299245618,1,1.015127041,0.002050134,0.042498732,1.268626297,0.000285043,0.00643024
Q9NZ43,USE1,0,1,1,0,1,1,0,1,1
Q9NZJ4,SACS,-0.033320658,0.846525475,1,0.068441584,0.823245247,1,0.224505936,0.466743248,0.848322444
Q9NZJ9,NUDT4,0.103189279,0.650106501,1,-0.907497176,0.035293522,0.211485401,-0.768307091,0.069802857,0.254946624
Q9NZM3,ITSN2,0,1,1,0,1,1,0,1,1
Q9NZM5,GLTSCR2,0.234070847,0.086716491,0.944868684,0.498855442,0.043783333,0.250610572,1.535992496,0.000153565,0.004511362
Q9NZT2,OGFR,0.20519952,0.398384647,1,0.078067571,0.855588113,1,0.196013099,0.64856864,1
Q9P0M9,MRPL27,0.028829937,0.833672339,1,-0.211022264,0.419406919,0.914881043,-0.318596376,0.2054078,0.50015169
Q9P0P8,C6orf203,0.142886433,0.357776717,1,0.187575071,0.495696277,0.991936767,0.247324295,0.371359821,0.736002538
Q9P0S9,TMEM14C,-0.007629691,0.930931115,1,-0.045437173,0.772029483,1,-0.052438905,0.738190241,1
Q9P0T7,TMEM9,0,1,1,0,1,1,0,1,1
Q9P1F3,ABRACL,0,1,1,0,1,1,0,1,1
Q9P266,KIAA1462,0,1,1,0,1,1,0,1,1
Q9P2C4,TMEM181,0.18148747,0.098657601,1,0.016259122,0.931047545,1,0.095511769,0.61267902,1
Q9P2J5,LARS,0.037672061,0.615943344,1,0.161844745,0.235739933,0.674673614,0.170012818,0.213916112,0.51474038
Q9P2R7,SUCLA2,-0.193582154,0.289369203,1,-0.950075062,0.008395655,0.087679376,-0.992506059,0.006345756,0.047254317
Q9UBP6,METTL1,,,,,,,,,
Q9UBP9,GULP1,,,,,,,,,
Q9UBQ7,GRHPR,0.05912207,0.452944296,1,0.174670434,0.222070492,0.657637324,0.167853475,0.239826971,0.55488065
Q9UHL4,DPP7,-0.201989657,0.14761702,1,-0.675410046,0.012547741,0.110593244,-0.837749187,0.003147098,0.029578603
Q9UHQ4,BCAP29,,,,,,,,,
Q9UHX1,PUF60,0.256452778,0.045077822,0.818502996,0.613423119,0.007375217,0.081982489,0.548859786,0.014208008,0.084477069
Q9UI14,RABAC1,-0.06096852,0.51107037,1,-0.086753092,0.598534045,1,-0.189018678,0.25737348,0.578901639
Q9UIC8,LCMT1,1.20498E-12,0.99999958,1,2.372E-11,0.999995359,1,9.64538E-12,0.999998113,1
Q9UJA5,TRMT6,0,1,1,0,1,1,0,1,1
Q9UKI2,CDC42EP3,0.750035668,0.070875053,0.888058828,2.34550808,0.002643509,0.049452954,2.639738945,0.001031432,0.014196482
Q9UKK9,NUDT5,-0.003704117,0.937710181,1,0.021568481,0.798320272,1,0.010636255,0.899663576,1
Q9UKX7,NUP50,-0.099376457,0.682702238,1,-0.303290259,0.485196325,0.991936767,-0.468317259,0.285522094,0.622146154
Q9UL15,BAG5,,,,,,,,,
Q9ULH0,KIDINS220,0,1,1,0,1,1,0,1,1
Q9ULQ1,TPCN1,-0.473404918,0.006719851,0.306351403,-0.944957877,0.002861592,0.049749476,-1.047655184,0.001424446,0.018517793
Q9ULZ3,PYCARD,0.040257741,0.853313477,1,-0.156449736,0.689180807,1,-0.296407651,0.451581409,0.836625461
Q9UMX5,NENF,0,1,1,0,1,1,0,1,1
Q9UNH6,SNX7,-0.216849398,0.241260673,1,-0.059243434,0.862812621,1,-0.337952574,0.311195733,0.652150621
Q9UNN8,PROCR,-0.030827951,0.806637231,1,-0.268628419,0.239869449,0.674722774,-0.49617906,0.037821957,0.166720924
Q9UPN3,MACF1,0.053510608,0.526929156,1,0.182484027,0.235673259,0.674673614,0.309254389,0.053160947,0.209099726
Q9UPS6,SETD1B,,,,,,,,,
Q9UPT8,ZC3H4,0,1,1,0,1,1,0,1,1
Q9Y217,MTMR6,0.041039234,0.671931005,1,0.166205972,0.341359493,0.813114072,0.175782994,0.314993457,0.654742498
Q9Y241,HIGD1A,0,1,1,0,1,1,0,1,1
Q9Y291,MRPS33,0.267809401,0.060479439,0.888058828,-0.052230868,0.828355976,1,-0.157824276,0.514780016,0.909760996
Q9Y2D2,SLC35A3,0,1,1,0,1,1,0,1,1
Q9Y2E5,MAN2B2,0,1,1,0,1,1,0,1,1
Q9Y2G3,ATP11B,,,,,,,,,
Q9Y2I8,WDR37,,,,,,,,,
Q9Y2L1,DIS3,-0.024300168,0.756918116,1,0.095714478,0.49779693,0.991936767,0.028205675,0.840644909,1
Q9Y2Q3,GSTK1,0.043397302,0.704017466,1,-0.099290477,0.627910136,1,-0.186884604,0.366087327,0.727432589
Q9Y2S2,CRYL1,0.125565378,0.414124049,1,-0.646874462,0.026679756,0.171961115,-0.773925471,0.009881168,0.066481191
Q9Y375,NDUFAF1,7.10323E-15,0.999999877,1,7.64371E-15,0.999999925,1,1.73095E-14,0.999999831,1
Q9Y3A4,RRP7A,-0.03379046,0.773940106,1,-0.101614702,0.644905162,1,-0.131638092,0.531266416,0.92399397
Q9Y3C4,TPRKB,,,,,,,,,
Q9Y426,C2CD2,-0.137844708,0.404485604,1,-0.882742883,0.008125734,0.086561638,-1.104107018,0.001735479,0.020798631
Q9Y4D7,PLXND1,0.008354986,0.974397953,1,0.401753977,0.393838497,0.893710436,0.439768107,0.351724618,0.708065045
Q9Y4F5,CEP170B,0.520962751,0.136323706,1,1.77840064,0.011925327,0.110593244,1.892997579,0.010176607,0.066713315
Q9Y4G6,TLN2,-0.163844001,0.285982931,1,-0.468926277,0.079388086,0.36807904,-0.47509177,0.075849616,0.265049815
Q9Y4H2,IRS2,-0.308485931,0.097161147,1,-1.373982879,0.001170405,0.029156386,-1.421792595,0.000905492,0.013356012
Q9Y4I1,MYO5A,-0.000483999,0.989111379,1,0.004550219,0.942533243,1,0.01043948,0.868675675,1
Q9Y4P1,ATG4B,1.30895E-09,0.999934466,1,3.60259E-09,0.999903589,1,3.66223E-09,0.999896964,1
Q9Y512,SAMM50,-0.081092929,0.464073866,1,-0.305425907,0.13424015,0.509942965,-0.291015641,0.152305057,0.420208556
Q9Y520,PRRC2C,0,1,1,0,1,1,0,1,1
Q9Y547,HSPB11,0.068312163,0.512731904,1,0.243217245,0.200041606,0.62881931,0.285171513,0.136403354,0.391840345
Q9Y580,RBM7,0.030379659,0.72808004,1,0.077745642,0.59934716,1,0.095467567,0.519602235,0.911979208
Q9Y5G8;Q9Y5G6;O60330,PCDHGA5;PCDHGA7;PCDHGA12,0.043608039,0.739221336,1,0.030630658,0.895336082,1,0.237349929,0.314276383,0.654742498
Q9Y5K6,CD2AP,0.32290678,0.014407638,0.526221827,0.228786283,0.29435369,0.760165928,0.283371785,0.197701206,0.492041548
Q9Y5S1,TRPV2,,,,,,,,,
Q9Y5U2,TSSC4,0.079275937,0.44730244,1,0.216141638,0.249114219,0.687304339,0.261343156,0.166804476,0.442695616
Q9Y5V3,MAGED1,0,1,1,0,1,1,0,1,1
Q9Y5X1,SNX9,-0.030525782,0.748021337,1,-0.539050867,0.006190734,0.076585367,-0.965696328,4.78996E-05,0.00196637
Q9Y666,SLC12A7,,,,,,,,,
Q9Y672,ALG6,0.217743627,0.215825595,1,0.259246635,0.340243778,0.813114072,0.267947726,0.396912478,0.770713596
Q9Y676,MRPS18B,-0.028372667,0.717958592,1,-0.050095957,0.721615782,1,-0.114888881,0.417694737,0.795203775
Q9Y6A9,SPCS1,-0.154929446,0.293924573,1,-1.020622507,0.000869969,0.026022698,-0.647306754,0.020797642,0.104945995
Q9Y6D9,MAD1L1,-0.063953503,0.714074584,1,0.202396366,0.517452674,1,0.545048061,0.093654513,0.298473108
Q9Y6E0,STK24,0,1,1,0,1,1,0,1,1
Q9Y6H1;Q5T1J5,CHCHD2;CHCHD2P9,0.053422705,0.711582328,1,-1.024925736,0.000882125,0.026022698,-1.173124729,0.000256139,0.006139329
Q9Y6I9,TEX264,0,1,1,0,1,1,0,1,1
Q9Y6K5,OAS3,0.041810391,0.580718508,1,0.124796417,0.412706249,0.909770947,0.087772411,0.504242887,0.895264571
